#
# There is insufficient memory for the Java Runtime Environment to continue.
# Native memory allocation (malloc) failed to allocate 1028032 bytes. Error detail: Chunk::new
# Possible reasons:
#   The system is out of physical RAM or swap space
#   This process is running with CompressedOops enabled, and the Java Heap may be blocking the growth of the native heap
# Possible solutions:
#   Reduce memory load on the system
#   Increase physical memory or swap space
#   Check if swap backing store is full
#   Decrease Java heap size (-Xmx/-Xms)
#   Decrease number of Java threads
#   Decrease Java thread stack sizes (-Xss)
#   Set larger code cache with -XX:ReservedCodeCacheSize=
#   JVM is running with Zero Based Compressed Oops mode in which the Java heap is
#     placed in the first 32GB address space. The Java Heap base address is the
#     maximum limit for the native heap growth. Please use -XX:HeapBaseMinAddress
#     to set the Java Heap base and to place the Java Heap above 32GB virtual address.
# This output file may be truncated or incomplete.
#
#  Out of Memory Error (arena.cpp:168), pid=23592, tid=16456
#
# JRE version: OpenJDK Runtime Environment Temurin-21.0.12.1+1 (21.0.12.1+1) (build 21.0.12.1+1-LTS)
# Java VM: OpenJDK 64-Bit Server VM Temurin-21.0.12.1+1 (21.0.12.1+1-LTS, mixed mode, sharing, tiered, compressed oops, compressed class ptrs, parallel gc, windows-amd64)
# No core dump will be written. Minidumps are not enabled by default on client versions of Windows
#

---------------  S U M M A R Y ------------

Command Line: --add-modules=ALL-SYSTEM --add-opens=java.base/java.util=ALL-UNNAMED --add-opens=java.base/java.lang=ALL-UNNAMED --add-opens=java.base/sun.nio.fs=ALL-UNNAMED -Declipse.application=org.eclipse.jdt.ls.core.id1 -Dosgi.bundles.defaultStartLevel=4 -Declipse.product=org.eclipse.jdt.ls.core.product -Djava.import.generatesMetadataFilesAtProjectRoot=false -Dm2e.project.cache.size=50 -DDetectVMInstallationsJob.disabled=true -Dfile.encoding=utf8 -XX:+UseParallelGC -XX:GCTimeRatio=4 -XX:AdaptiveSizePolicyWeight=90 -Dsun.zip.disableMemoryMapping=true -Xmx4G -Xms100m -Xlog:disable -javaagent:c:\Users\DELL\.vscode\extensions\redhat.java-1.56.0-win32-x64\lombok\lombok-1.18.39-4050.jar -XX:+HeapDumpOnOutOfMemoryError -XX:HeapDumpPath=c:\Users\DELL\AppData\Roaming\Code\User\workspaceStorage\a5ac2a6fd35a4b62912360b39a72383d\redhat.java -Daether.dependencyCollector.impl=bf c:\Users\DELL\.vscode\extensions\redhat.java-1.56.0-win32-x64\server\plugins\org.eclipse.equinox.launcher_1.8.0.v20260804-1928.jar -configuration c:\Users\DELL\AppData\Roaming\Code\User\globalStorage\redhat.java\1.56.0\config_win -data c:\Users\DELL\AppData\Roaming\Code\User\workspaceStorage\a5ac2a6fd35a4b62912360b39a72383d\redhat.java\jdt_ws --pipe=\\.\pipe\lsp-bd04da6b3e5c8cdba673d6cef50d00ad-sock

Host: 11th Gen Intel(R) Core(TM) i3-1115G4 @ 3.00GHz, 4 cores, 7G,  Windows 11 , 64 bit Build 26100 (10.0.26100.9444)
Time: Wed Sep 23 13:17:34 2026 India Standard Time elapsed time: 1101.210701 seconds (0d 0h 18m 21s)

---------------  T H R E A D  ---------------

Current thread (0x000001fa7d188970):  JavaThread "C2 CompilerThread0" daemon [_thread_in_native, id=16456, stack(0x000000ba7e200000,0x000000ba7e300000) (1024K)]


Current CompileTask:
C2:1101210 19762       4       org.gradle.tooling.internal.consumer.SynchronizedLogging::services (71 bytes)

Stack: [0x000000ba7e200000,0x000000ba7e300000]
Native frames: (J=compiled Java code, j=interpreted, Vv=VM code, C=native code)
V  [jvm.dll+0x6d83e9]
V  [jvm.dll+0x8b5736]
V  [jvm.dll+0x8b7cee]
V  [jvm.dll+0x8b83d3]
V  [jvm.dll+0x284596]
V  [jvm.dll+0xc685d]
V  [jvm.dll+0xc6da1]
V  [jvm.dll+0x3bf18b]
V  [jvm.dll+0x38b6d2]
V  [jvm.dll+0x38ab1a]
V  [jvm.dll+0x24c700]
V  [jvm.dll+0x24bce0]
V  [jvm.dll+0x1cb4ae]
V  [jvm.dll+0x25baad]
V  [jvm.dll+0x25a03a]
V  [jvm.dll+0x3f8aae]
V  [jvm.dll+0x8600cd]
V  [jvm.dll+0x6d6c1d]
C  [ucrtbase.dll+0x2cd30]
C  [KERNEL32.DLL+0x2cd87]
C  [ntdll.dll+0xacaec]


---------------  P R O C E S S  ---------------

Threads class SMR info:
_java_thread_list=0x000001fa60f564c0, length=1359, elements={
0x000001fa69e2e330, 0x000001fa7d1798f0, 0x000001fa7d17cc80, 0x000001fa7d17f560,
0x000001fa7d180440, 0x000001fa7d1810a0, 0x000001fa7d185b20, 0x000001fa7d188970,
0x000001fa7d208410, 0x000001fa7e0ca180, 0x000001fa7e297730, 0x000001fa7e7ae9e0,
0x000001fa7e7eb290, 0x000001fa7df15260, 0x000001fa7df15ca0, 0x000001fa7eda51d0,
0x000001fa7e945ce0, 0x000001fa7e87c490, 0x000001fa7eebc090, 0x000001fa7ea1a880,
0x000001fa7ea1af10, 0x000001fa7ea1c950, 0x000001fa7ea194d0, 0x000001fa7ea1d670,
0x000001fa7ea1bc30, 0x000001fa7ea1a1f0, 0x000001fa7ea1f740, 0x000001fa7ea1e390,
0x000001fa7ea20460, 0x000001fa4d88c630, 0x000001fa4d88d350, 0x000001fa4d889ed0,
0x000001fa4d88d9e0, 0x000001fa4d88b280, 0x000001fa4d88a560, 0x000001fa4d88b910,
0x000001fa7ea18e40, 0x000001fa7ea1cfe0, 0x000001fa7ea19b60, 0x000001fa7ea1f0b0,
0x000001fa572faca0, 0x000001fa572fb330, 0x000001fa572fb9c0, 0x000001fa572fc050,
0x000001fa572fda90, 0x000001fa572fa610, 0x000001fa572fcd70, 0x000001fa572ff4d0,
0x000001fa572fee40, 0x000001fa572f8540, 0x000001fa572f9260, 0x000001fa572f98f0,
0x000001fa572fd400, 0x000001fa572fe120, 0x000001fa7ea1fdd0, 0x000001fa7ea1c2c0,
0x000001fa4d890140, 0x000001fa7e2f4340, 0x000001fa7e2f49d0, 0x000001fa7e2f3620,
0x000001fa7e2f1be0, 0x000001fa7e2f2900, 0x000001fa7e2f56f0, 0x000001fa7e2f2270,
0x000001fa7e2f7130, 0x000001fa7e2f5d80, 0x000001fa7e2f6410, 0x000001fa7e2f6aa0,
0x000001fa7e2f7e50, 0x000001fa7e2f84e0, 0x000001fa7e2f5060, 0x000001fa7e2f8b70,
0x000001fa572f8bd0, 0x000001fa7e2f9200, 0x000001fa572fe7b0, 0x000001fa579eb130,
0x000001fa579ecb70, 0x000001fa579ed890, 0x000001fa579eaaa0, 0x000001fa579ed200,
0x000001fa579ee5b0, 0x000001fa579eec40, 0x000001fa579ebe50, 0x000001fa579ef2d0,
0x000001fa579ef960, 0x000001fa579ec4e0, 0x000001fa579f1a30, 0x000001fa579efff0,
0x000001fa579f0680, 0x000001fa579f0d10, 0x000001fa579f13a0, 0x000001fa579f20c0,
0x000001fa581f21c0, 0x000001fa581f2ee0, 0x000001fa581f3570, 0x000001fa581f0780,
0x000001fa581f0e10, 0x000001fa581f14a0, 0x000001fa581f2850, 0x000001fa581f00f0,
0x000001fa581f5cd0, 0x000001fa581f7080, 0x000001fa581f4fb0, 0x000001fa581f5640,
0x000001fa581f3c00, 0x000001fa581f7710, 0x000001fa581f4290, 0x000001fa579edf20,
0x000001fa4e957780, 0x000001fa4e955d40, 0x000001fa4e955020, 0x000001fa4e958b30,
0x000001fa4e957e10, 0x000001fa4e9563d0, 0x000001fa4e9584a0, 0x000001fa4e956a60,
0x000001fa4e95b920, 0x000001fa4e9591c0, 0x000001fa4e959ee0, 0x000001fa4e95bfb0,
0x000001fa4e95a570, 0x000001fa4e95ac00, 0x000001fa4d88ccc0, 0x000001fa4e95b290,
0x000001fa7f51eb90, 0x000001fa7f51f220, 0x000001fa7f5205d0, 0x000001fa7f51d150,
0x000001fa7f51e500, 0x000001fa7f51f8b0, 0x000001fa7f520c60, 0x000001fa7f51ff40,
0x000001fa7f51de70, 0x000001fa7f5240e0, 0x000001fa7f524770, 0x000001fa7f521980,
0x000001fa7f522010, 0x000001fa7f5226a0, 0x000001fa7f5233c0, 0x000001fa7f523a50,
0x000001fa7f5212f0, 0x000001fa7f522d30, 0x000001fa5e7c2d30, 0x000001fa5e7c4770,
0x000001fa5e7c3a50, 0x000001fa5e7c4e00, 0x000001fa5e7c2010, 0x000001fa5e7c1980,
0x000001fa4e95c640, 0x000001fa5787a160, 0x000001fa57879ad0, 0x000001fa57877a00,
0x000001fa57878720, 0x000001fa57878090, 0x000001fa5787a7f0, 0x000001fa57879440,
0x000001fa5787d5e0, 0x000001fa5787cf50, 0x000001fa5787b510, 0x000001fa5787dc70,
0x000001fa5787e300, 0x000001fa5787c230, 0x000001fa5787bba0, 0x000001fa5787c8c0,
0x000001fa5787ae80, 0x000001fa578803d0, 0x000001fa57881e10, 0x000001fa5787f6b0,
0x000001fa5787fd40, 0x000001fa57880a60, 0x000001fa578810f0, 0x000001fa578824a0,
0x000001fa5787f020, 0x000001fa57885fb0, 0x000001fa57884c00, 0x000001fa57885920,
0x000001fa57886640, 0x000001fa578831c0, 0x000001fa57883ee0, 0x000001fa57884570,
0x000001fa57877370, 0x000001fa57885290, 0x000001fa5e7c33c0, 0x000001fa4eebf210,
0x000001fa4eebff30, 0x000001fa4eebd140, 0x000001fa4eec05c0, 0x000001fa4eebd7d0,
0x000001fa4eebf8a0, 0x000001fa4eec12e0, 0x000001fa4eebde60, 0x000001fa4eebe4f0,
0x000001fa4eec1970, 0x000001fa4eebeb80, 0x000001fa4eec2000, 0x000001fa4eec5b10,
0x000001fa4eec33b0, 0x000001fa4eec3a40, 0x000001fa4eec40d0, 0x000001fa4eec0c50,
0x000001fa4eec6830, 0x000001fa4eec4df0, 0x000001fa4eec61a0, 0x000001fa4eec6ec0,
0x000001fa4eec8270, 0x000001fa4eec7550, 0x000001fa4eec7be0, 0x000001fa4eec5480,
0x000001fa4eecbd80, 0x000001fa4eec9620, 0x000001fa4eecb6f0, 0x000001fa4eec8f90,
0x000001fa4eecb060, 0x000001fa4eeca340, 0x000001fa4eecc410, 0x000001fa57882b30,
0x000001fa5ec320f0, 0x000001fa5ec306b0, 0x000001fa5ec334a0, 0x000001fa5ec30d40,
0x000001fa5ec31a60, 0x000001fa5ec32e10, 0x000001fa5ec35c00, 0x000001fa5ec32780,
0x000001fa5ec30020, 0x000001fa5ec36290, 0x000001fa5ec34ee0, 0x000001fa5ec341c0,
0x000001fa5ec36920, 0x000001fa5ec34850, 0x000001fa5ec33b30, 0x000001fa5ec39080,
0x000001fa5ec38360, 0x000001fa5ec37640, 0x000001fa5ec3b150, 0x000001fa5ec3b7e0,
0x000001fa5ec39da0, 0x000001fa5ec389f0, 0x000001fa5ec37cd0, 0x000001fa5ec39710,
0x000001fa5ec3df40, 0x000001fa5ec3be70, 0x000001fa5ec3ec60, 0x000001fa5ec3aac0,
0x000001fa4d88e700, 0x000001fa572d24e0, 0x000001fa572cfd80, 0x000001fa572d2b70,
0x000001fa572cf6f0, 0x000001fa572d52d0, 0x000001fa572d4c40, 0x000001fa572d3890,
0x000001fa572d3200, 0x000001fa572d0410, 0x000001fa572d45b0, 0x000001fa572d17c0,
0x000001fa572d80c0, 0x000001fa572d8750, 0x000001fa572d8de0, 0x000001fa572d73a0,
0x000001fa572d7a30, 0x000001fa572d5ff0, 0x000001fa572dcf80, 0x000001fa572d9470,
0x000001fa572d9b00, 0x000001fa572dd610, 0x000001fa572ddca0, 0x000001fa572db540,
0x000001fa572dbbd0, 0x000001fa5ec3c500, 0x000001fa5ec3cb90, 0x000001fa5ec3d220,
0x000001fa572d0aa0, 0x000001fa572dc8f0, 0x000001fa572da820, 0x000001fa572de330,
0x000001fa572daeb0, 0x000001fa4d88ed90, 0x000001fa4d88e070, 0x000001fa5ec36fb0,
0x000001fa5ec3e5d0, 0x000001fa5ec3f2f0, 0x000001fa572d1130, 0x000001fa572d1e50,
0x000001fa572d5960, 0x000001fa572d6680, 0x000001fa4eec2d20, 0x000001fa4eec8900,
0x000001fa4d8914f0, 0x000001fa4d88f420, 0x000001fa572d6d10, 0x000001fa572de9c0,
0x000001fa4eec4760, 0x000001fa57881780, 0x000001fa5787e990, 0x000001fa4eec9cb0,
0x000001fa61320940, 0x000001fa61320fd0, 0x000001fa61323730, 0x000001fa61322380,
0x000001fa613202b0, 0x000001fa61324ae0, 0x000001fa61322a10, 0x000001fa61321cf0,
0x000001fa6131fc20, 0x000001fa61324450, 0x000001fa61321660, 0x000001fa61325e90,
0x000001fa61326520, 0x000001fa61326bb0, 0x000001fa61325170, 0x000001fa61327f60,
0x000001fa61323dc0, 0x000001fa613278d0, 0x000001fa61328c80, 0x000001fa613285f0,
0x000001fa61327240, 0x000001fa61325800, 0x000001fa6132ba70, 0x000001fa6132c790,
0x000001fa6132c100, 0x000001fa61329310, 0x000001fa6132a030, 0x000001fa6132b3e0,
0x000001fa6132a6c0, 0x000001fa6132ad50, 0x000001fa6132ce20, 0x000001fa613299a0,
0x000001fa6132d4b0, 0x000001fa613302a0, 0x000001fa6132e860, 0x000001fa61330fc0,
0x000001fa6132eef0, 0x000001fa6132f580, 0x000001fa6132fc10, 0x000001fa6132db40,
0x000001fa61333db0, 0x000001fa61331650, 0x000001fa61331ce0, 0x000001fa61332370,
0x000001fa61335e80, 0x000001fa61333720, 0x000001fa61330930, 0x000001fa613357f0,
0x000001fa61332a00, 0x000001fa61333090, 0x000001fa61336510, 0x000001fa61337230,
0x000001fa61336ba0, 0x000001fa61334440, 0x000001fa61337f50, 0x000001fa61338c70,
0x000001fa613378c0, 0x000001fa61334ad0, 0x000001fa61339300, 0x000001fa6133a6b0,
0x000001fa613385e0, 0x000001fa61339990, 0x000001fa6133ad40, 0x000001fa6133b3d0,
0x000001fa6133c0f0, 0x000001fa6133ce10, 0x000001fa6133d4a0, 0x000001fa6133ba60,
0x000001fa6133db30, 0x000001fa6133a020, 0x000001fa6133e1c0, 0x000001fa6133c780,
0x000001fa6133eee0, 0x000001fa572dc260, 0x000001fa5ec3d8b0, 0x000001fa4d8907d0,
0x000001fa6133e850, 0x000001fa613512d0, 0x000001fa61352680, 0x000001fa61350c40,
0x000001fa6134f200, 0x000001fa613533a0, 0x000001fa6134ff20, 0x000001fa61352d10,
0x000001fa61351960, 0x000001fa61353a30, 0x000001fa613505b0, 0x000001fa61357540,
0x000001fa613540c0, 0x000001fa61356820, 0x000001fa61358260, 0x000001fa61356eb0,
0x000001fa61357bd0, 0x000001fa61354750, 0x000001fa61354de0, 0x000001fa613588f0,
0x000001fa61355470, 0x000001fa61356190, 0x000001fa61355b00, 0x000001fa6135bd70,
0x000001fa6135b050, 0x000001fa61359610, 0x000001fa61359ca0, 0x000001fa6135b6e0,
0x000001fa6135c400, 0x000001fa6135a330, 0x000001fa61358f80, 0x000001fa6135ca90,
0x000001fa6135de40, 0x000001fa6135d120, 0x000001fa6135a9c0, 0x000001fa6135d7b0,
0x000001fa6132e1d0, 0x000001fa61335160, 0x000001fa6135e4d0, 0x000001fa6134f890,
0x000001fa627d8e40, 0x000001fa627d94d0, 0x000001fa627d9b60, 0x000001fa627da1f0,
0x000001fa627d87b0, 0x000001fa627d8120, 0x000001fa627d7a90, 0x000001fa627d7400,
0x000001fa627dc2c0, 0x000001fa627daf10, 0x000001fa627bea40, 0x000001fa627dbc30,
0x000001fa627db5a0, 0x000001fa627bd690, 0x000001fa627be3b0, 0x000001fa627bd000,
0x000001fa627bf0d0, 0x000001fa627bf760, 0x000001fa627c11a0, 0x000001fa627c0480,
0x000001fa627bdd20, 0x000001fa627c1830, 0x000001fa627c2be0, 0x000001fa627c1ec0,
0x000001fa627c3f90, 0x000001fa627c2550, 0x000001fa627c6060, 0x000001fa627c3270,
0x000001fa627c0b10, 0x000001fa627c4620, 0x000001fa627c7aa0, 0x000001fa627c8130,
0x000001fa627c5340, 0x000001fa627c6d80, 0x000001fa627c4cb0, 0x000001fa627c8e50,
0x000001fa627bfdf0, 0x000001fa627c9b70, 0x000001fa627c87c0, 0x000001fa627c7410,
0x000001fa627c59d0, 0x000001fa627ca200, 0x000001fa627ca890, 0x000001fa627caf20,
0x000001fa627cb5b0, 0x000001fa627cc2d0, 0x000001fa627c94e0, 0x000001fa627c66f0,
0x000001fa627cbc40, 0x000001fa627cc960, 0x000001fa627cd680, 0x000001fa627d0470,
0x000001fa627d0b00, 0x000001fa627d1190, 0x000001fa627d1820, 0x000001fa627cf750,
0x000001fa627cdd10, 0x000001fa627ccff0, 0x000001fa627ce3a0, 0x000001fa627d1eb0,
0x000001fa627cea30, 0x000001fa627d2540, 0x000001fa627cf0c0, 0x000001fa627d6050,
0x000001fa627d5330, 0x000001fa627d2bd0, 0x000001fa627cfde0, 0x000001fa627d6d70,
0x000001fa627d59c0, 0x000001fa627d4ca0, 0x000001fa627d4610, 0x000001fa627d66e0,
0x000001fa627d3f80, 0x000001fa613230a0, 0x000001fa627d3260, 0x000001fa627d38f0,
0x000001fa61351ff0, 0x000001fa62406e50, 0x000001fa624074e0, 0x000001fa62404060,
0x000001fa62407b70, 0x000001fa62405410, 0x000001fa62408200, 0x000001fa62404d80,
0x000001fa624095b0, 0x000001fa62408890, 0x000001fa62409c40, 0x000001fa62408f20,
0x000001fa624067c0, 0x000001fa6240c3a0, 0x000001fa6240aff0, 0x000001fa6240bd10,
0x000001fa62405aa0, 0x000001fa6240ca30, 0x000001fa6240d0c0, 0x000001fa6240d750,
0x000001fa6240a2d0, 0x000001fa6240a960, 0x000001fa62410540, 0x000001fa6240feb0,
0x000001fa6240f190, 0x000001fa6240dde0, 0x000001fa6240e470, 0x000001fa62411f80,
0x000001fa6240f820, 0x000001fa6240eb00, 0x000001fa62413330, 0x000001fa624139c0,
0x000001fa62414050, 0x000001fa62410bd0, 0x000001fa6240b680, 0x000001fa62412ca0,
0x000001fa624118f0, 0x000001fa62418880, 0x000001fa62415400, 0x000001fa62417b60,
0x000001fa62418f10, 0x000001fa624174d0, 0x000001fa624167b0, 0x000001fa624181f0,
0x000001fa62416e40, 0x000001fa62414d70, 0x000001fa62415a90, 0x000001fa6241b670,
0x000001fa6241afe0, 0x000001fa6241c390, 0x000001fa6241ca20, 0x000001fa6241d0b0,
0x000001fa62416120, 0x000001fa62419c30, 0x000001fa6241d740, 0x000001fa6241a2c0,
0x000001fa6241ddd0, 0x000001fa6241a950, 0x000001fa62421250, 0x000001fa6241e460,
0x000001fa6241eaf0, 0x000001fa6241bd00, 0x000001fa62421f70, 0x000001fa624218e0,
0x000001fa62422c90, 0x000001fa6241f810, 0x000001fa62422600, 0x000001fa62420bc0,
0x000001fa62423320, 0x000001fa627c3900, 0x000001fa6241fea0, 0x000001fa62420530,
0x000001fa627da880, 0x000001fa4eeca9d0, 0x000001fa62a57610, 0x000001fa62a589c0,
0x000001fa62a57ca0, 0x000001fa62a59050, 0x000001fa62a59d70, 0x000001fa62a596e0,
0x000001fa62a56f80, 0x000001fa62a5b120, 0x000001fa62a5df10, 0x000001fa62a5aa90,
0x000001fa62a5c4d0, 0x000001fa62a5cb60, 0x000001fa62a5be40, 0x000001fa62a5d1f0,
0x000001fa62a5d880, 0x000001fa62a5b7b0, 0x000001fa62a61a20, 0x000001fa62a5f950,
0x000001fa62a60670, 0x000001fa62a60d00, 0x000001fa62a5ffe0, 0x000001fa62a5f2c0,
0x000001fa62a620b0, 0x000001fa62a5a400, 0x000001fa62a5e5a0, 0x000001fa62a5ec30,
0x000001fa62a63af0, 0x000001fa62a64ea0, 0x000001fa62a65530, 0x000001fa62a62dd0,
0x000001fa62a65bc0, 0x000001fa62a62740, 0x000001fa62a63460, 0x000001fa62a66250,
0x000001fa62a668e0, 0x000001fa62a64810, 0x000001fa62a66f70, 0x000001fa62a67600,
0x000001fa62a64180, 0x000001fa62a67c90, 0x000001fa62a696d0, 0x000001fa62a61390,
0x000001fa62a69040, 0x000001fa62a68320, 0x000001fa62a689b0, 0x000001fa62a6cb50,
0x000001fa62a6d1e0, 0x000001fa62a6d870, 0x000001fa62a6a3f0, 0x000001fa62a6aa80,
0x000001fa62a6b110, 0x000001fa62a6b7a0, 0x000001fa62a69d60, 0x000001fa62a6be30,
0x000001fa62a6df00, 0x000001fa62a6ec20, 0x000001fa62a70660, 0x000001fa62a6e590,
0x000001fa62a6ffd0, 0x000001fa62a6f2b0, 0x000001fa62a6c4c0, 0x000001fa62a74800,
0x000001fa62a73450, 0x000001fa62a71a10, 0x000001fa62a720a0, 0x000001fa62a71380,
0x000001fa62a74170, 0x000001fa62a72730, 0x000001fa62a70cf0, 0x000001fa62a75bb0,
0x000001fa62a73ae0, 0x000001fa62a75520, 0x000001fa62a74e90, 0x000001fa62a76240,
0x000001fa624046f0, 0x000001fa62406130, 0x000001fa61987270, 0x000001fa61985ec0,
0x000001fa61987900, 0x000001fa61986be0, 0x000001fa619851a0, 0x000001fa61984480,
0x000001fa61987f90, 0x000001fa61984b10, 0x000001fa6198ad80, 0x000001fa6198b410,
0x000001fa61988620, 0x000001fa61985830, 0x000001fa6198baa0, 0x000001fa6198a060,
0x000001fa6198c130, 0x000001fa6198a6f0, 0x000001fa6198c7c0, 0x000001fa6198ce50,
0x000001fa6198fc40, 0x000001fa619899d0, 0x000001fa61986550, 0x000001fa6198ef20,
0x000001fa6198e200, 0x000001fa61990960, 0x000001fa619902d0, 0x000001fa6198e890,
0x000001fa6198d4e0, 0x000001fa6198db70, 0x000001fa61989340, 0x000001fa619923a0,
0x000001fa6198f5b0, 0x000001fa61993750, 0x000001fa61992a30, 0x000001fa619930c0,
0x000001fa61993de0, 0x000001fa61991680, 0x000001fa61994b00, 0x000001fa61991d10,
0x000001fa61990ff0, 0x000001fa61996bd0, 0x000001fa61998610, 0x000001fa61995190,
0x000001fa61998ca0, 0x000001fa61995820, 0x000001fa61997260, 0x000001fa61997f80,
0x000001fa619978f0, 0x000001fa61994470, 0x000001fa61995eb0, 0x000001fa61996540,
0x000001fa6199ce40, 0x000001fa6199ba90, 0x000001fa6199c120, 0x000001fa6199c7b0,
0x000001fa6199ad70, 0x000001fa6199a050, 0x000001fa61999330, 0x000001fa619999c0,
0x000001fa6199b400, 0x000001fa6199d4d0, 0x000001fa6199e1f0, 0x000001fa6199ef10,
0x000001fa619a0950, 0x000001fa619a2390, 0x000001fa6199db60, 0x000001fa6199a6e0,
0x000001fa619a02c0, 0x000001fa619a0fe0, 0x000001fa619a1d00, 0x000001fa6199e880,
0x000001fa619a1670, 0x000001fa619a2a20, 0x000001fa619a5810, 0x000001fa619a30b0,
0x000001fa619a5ea0, 0x000001fa619a6530, 0x000001fa619a4af0, 0x000001fa619a6bc0,
0x000001fa619a7250, 0x000001fa619a3dd0, 0x000001fa619a5180, 0x000001fa619a4460,
0x000001fa6199fc30, 0x000001fa619aa6d0, 0x000001fa619a78e0, 0x000001fa619a8600,
0x000001fa619a8c90, 0x000001fa619a99b0, 0x000001fa619a9320, 0x000001fa619aa040,
0x000001fa6196db90, 0x000001fa6196d500, 0x000001fa6196ada0, 0x000001fa6196a710,
0x000001fa6196c150, 0x000001fa6196b430, 0x000001fa6196e220, 0x000001fa6196e8b0,
0x000001fa6196bac0, 0x000001fa6196fc60, 0x000001fa6196a080, 0x000001fa6196f5d0,
0x000001fa619702f0, 0x000001fa6196ce70, 0x000001fa61972a50, 0x000001fa61970980,
0x000001fa619730e0, 0x000001fa619716a0, 0x000001fa61971010, 0x000001fa6196c7e0,
0x000001fa61973770, 0x000001fa61973e00, 0x000001fa61971d30, 0x000001fa619751b0,
0x000001fa61974490, 0x000001fa61975840, 0x000001fa61976560, 0x000001fa61978cc0,
0x000001fa6196ef40, 0x000001fa61977280, 0x000001fa61976bf0, 0x000001fa61974b20,
0x000001fa6197a700, 0x000001fa61978630, 0x000001fa6197b420, 0x000001fa61979350,
0x000001fa6197ad90, 0x000001fa61975ed0, 0x000001fa6197a070, 0x000001fa61977910,
0x000001fa61977fa0, 0x000001fa6197e210, 0x000001fa6197c7d0, 0x000001fa6197ce60,
0x000001fa6197d4f0, 0x000001fa6197db80, 0x000001fa619799e0, 0x000001fa61980970,
0x000001fa6197fc50, 0x000001fa6197e8a0, 0x000001fa619802e0, 0x000001fa61981000,
0x000001fa61981690, 0x000001fa61981d20, 0x000001fa61982a40, 0x000001fa6197ef30,
0x000001fa619823b0, 0x000001fa6197f5c0, 0x000001fa619830d0, 0x000001fa61983760,
0x000001fa61983df0, 0x000001fa61988cb0, 0x000001fa6199f5a0, 0x000001fa62a72dc0,
0x000001fa6241f180, 0x000001fa62a6f940, 0x000001fa619723c0, 0x000001fa6197bab0,
0x000001fa6306fac0, 0x000001fa63070e70, 0x000001fa6306e080, 0x000001fa6306e710,
0x000001fa63071500, 0x000001fa630707e0, 0x000001fa63072220, 0x000001fa6306eda0,
0x000001fa630728b0, 0x000001fa6306f430, 0x000001fa63073c60, 0x000001fa63072f40,
0x000001fa630742f0, 0x000001fa63075d30, 0x000001fa630735d0, 0x000001fa630763c0,
0x000001fa63076a50, 0x000001fa63077e00, 0x000001fa63074980, 0x000001fa630770e0,
0x000001fa63078490, 0x000001fa63077770, 0x000001fa63079840, 0x000001fa63075010,
0x000001fa63078b20, 0x000001fa630756a0, 0x000001fa6307b280, 0x000001fa63079ed0,
0x000001fa6307b910, 0x000001fa6307c630, 0x000001fa6307abf0, 0x000001fa6307d9e0,
0x000001fa63071b90, 0x000001fa6307bfa0, 0x000001fa630791b0, 0x000001fa6307e070,
0x000001fa6307e700, 0x000001fa63080140, 0x000001fa6307ccc0, 0x000001fa6307fab0,
0x000001fa630807d0, 0x000001fa63070150, 0x000001fa6307d350, 0x000001fa63082210,
0x000001fa63080e60, 0x000001fa6307f420, 0x000001fa63083c50, 0x000001fa630835c0,
0x000001fa630842e0, 0x000001fa63085000, 0x000001fa63081b80, 0x000001fa6307ed90,
0x000001fa63084970, 0x000001fa63082f30, 0x000001fa630828a0, 0x000001fa63087df0,
0x000001fa630863b0, 0x000001fa63085690, 0x000001fa630870d0, 0x000001fa630814f0,
0x000001fa63086a40, 0x000001fa6308b270, 0x000001fa6308abe0, 0x000001fa63088b10,
0x000001fa6308a550, 0x000001fa6308b900, 0x000001fa63088480, 0x000001fa63089830,
0x000001fa63087760, 0x000001fa6308bf90, 0x000001fa6308c620, 0x000001fa630891a0,
0x000001fa6308d9d0, 0x000001fa6308faa0, 0x000001fa63090130, 0x000001fa6308ccb0,
0x000001fa630907c0, 0x000001fa63085d20, 0x000001fa63089ec0, 0x000001fa63090e50,
0x000001fa6308e6f0, 0x000001fa630914e0, 0x000001fa6308e060, 0x000001fa63091b70,
0x000001fa6308ed80, 0x000001fa630942d0, 0x000001fa6308f410, 0x000001fa63094ff0,
0x000001fa63092200, 0x000001fa63094960, 0x000001fa63092f20, 0x000001fa63095d10,
0x000001fa630935b0, 0x000001fa63095680, 0x000001fa630963a0, 0x000001fa6308d340,
0x000001fa63096a30, 0x000001fa630970c0, 0x000001fa63093c40, 0x000001fa63099190,
0x000001fa63098470, 0x000001fa63097750, 0x000001fa6309a540, 0x000001fa63098b00,
0x000001fa63099820, 0x000001fa6309b260, 0x000001fa63097de0, 0x000001fa6309e050,
0x000001fa6309e6e0, 0x000001fa6309d330, 0x000001fa6309cca0, 0x000001fa6309b8f0,
0x000001fa6309c610, 0x000001fa63099eb0, 0x000001fa6309ed70, 0x000001fa6309f400,
0x000001fa6309bf80, 0x000001fa6309fa90, 0x000001fa630a14d0, 0x000001fa630a1b60,
0x000001fa630a21f0, 0x000001fa630a0e40, 0x000001fa630a0120, 0x000001fa630a2880,
0x000001fa630a5670, 0x000001fa630a2f10, 0x000001fa630a42c0, 0x000001fa630a4fe0,
0x000001fa630a5d00, 0x000001fa630a6390, 0x000001fa630a70b0, 0x000001fa6309d9c0,
0x000001fa630a4950, 0x000001fa630a6a20, 0x000001fa630a3c30, 0x000001fa630a8460,
0x000001fa630aa530, 0x000001fa630a7dd0, 0x000001fa630a9180, 0x000001fa630a7740,
0x000001fa630aabc0, 0x000001fa630a8af0, 0x000001fa630ab8e0, 0x000001fa630ab250,
0x000001fa630abf70, 0x000001fa630ac600, 0x000001fa630a9ea0, 0x000001fa630acc90,
0x000001fa630ae6d0, 0x000001fa630a9810, 0x000001fa630ae040, 0x000001fa6307a560,
0x000001fa63092890, 0x000001fa630ad9b0, 0x000001fa62a58330, 0x000001fa62412610,
0x000001fa62df2380, 0x000001fa62df4450, 0x000001fa62df30a0, 0x000001fa62df4ae0,
0x000001fa62df5170, 0x000001fa62df3dc0, 0x000001fa62df2a10, 0x000001fa62df6bb0,
0x000001fa62df3730, 0x000001fa62df99a0, 0x000001fa62df6520, 0x000001fa62df8c80,
0x000001fa62df7f60, 0x000001fa62df85f0, 0x000001fa62df9310, 0x000001fa62df5800,
0x000001fa62df5e90, 0x000001fa62dfad50, 0x000001fa62dfba70, 0x000001fa62dfd4b0,
0x000001fa62df7240, 0x000001fa62dfc100, 0x000001fa62dfb3e0, 0x000001fa62dfc790,
0x000001fa62dfa6c0, 0x000001fa62dfeef0, 0x000001fa62dffc10, 0x000001fa62dfce20,
0x000001fa62e00fc0, 0x000001fa62dfa030, 0x000001fa62e00930, 0x000001fa62dff580,
0x000001fa62e01650, 0x000001fa62dfe1d0, 0x000001fa62e01ce0, 0x000001fa62e002a0,
0x000001fa62dfe860, 0x000001fa62e057f0, 0x000001fa62dfdb40, 0x000001fa62e04440,
0x000001fa62e04ad0, 0x000001fa62e02370, 0x000001fa62e05e80, 0x000001fa62e03090,
0x000001fa62e03db0, 0x000001fa62e02a00, 0x000001fa62e03720, 0x000001fa62e06510,
0x000001fa62e07230, 0x000001fa62e078c0, 0x000001fa62e07f50, 0x000001fa62e05160,
0x000001fa62e08c70, 0x000001fa62e09300, 0x000001fa62e085e0, 0x000001fa62e0ad40,
0x000001fa62e09990, 0x000001fa62e06ba0, 0x000001fa62e0a6b0, 0x000001fa62e0b3d0,
0x000001fa62e0ba60, 0x000001fa62e0c0f0, 0x000001fa62e0f570, 0x000001fa62e0e850,
0x000001fa62e0d4a0, 0x000001fa62e0a020, 0x000001fa62e0ce10, 0x000001fa62e0c780,
0x000001fa62e0fc00, 0x000001fa62e0e1c0, 0x000001fa62e10fb0, 0x000001fa62e10290,
0x000001fa62e11640, 0x000001fa62e15150, 0x000001fa62e0db30, 0x000001fa62e12360,
0x000001fa62e0eee0, 0x000001fa62e157e0, 0x000001fa62e15e70, 0x000001fa62e129f0,
0x000001fa62e13da0, 0x000001fa62e16500, 0x000001fa62e13710, 0x000001fa62e10920,
0x000001fa62e14ac0, 0x000001fa62e11cd0, 0x000001fa62e178b0, 0x000001fa62e16b90,
0x000001fa62e17220, 0x000001fa62dd7f80, 0x000001fa62ddad70, 0x000001fa62ddc120,
0x000001fa62e14430, 0x000001fa62dd8610, 0x000001fa62dd8ca0, 0x000001fa62ddc7b0,
0x000001fa62dd9330, 0x000001fa62dd99c0, 0x000001fa62ddce40, 0x000001fa62ddd4d0,
0x000001fa62dda6e0, 0x000001fa62dda050, 0x000001fa62dde1f0, 0x000001fa62ddba90,
0x000001fa62ddb400, 0x000001fa62de02c0, 0x000001fa62dde880, 0x000001fa62de0950,
0x000001fa62ddef10, 0x000001fa62ddf5a0, 0x000001fa62ddfc30, 0x000001fa62dddb60,
0x000001fa62de4af0, 0x000001fa62de3740, 0x000001fa62de30b0, 0x000001fa62de1670,
0x000001fa62de5180, 0x000001fa62de3dd0, 0x000001fa62de5810, 0x000001fa62de2390,
0x000001fa62de4460, 0x000001fa62de0fe0, 0x000001fa62de7f70, 0x000001fa62de8600,
0x000001fa62de8c90, 0x000001fa62de6530, 0x000001fa62de7250, 0x000001fa62de78e0,
0x000001fa62de5ea0, 0x000001fa62de9320, 0x000001fa62de99b0, 0x000001fa62dea040,
0x000001fa62de6bc0, 0x000001fa62dead60, 0x000001fa62dedb50, 0x000001fa62dece30,
0x000001fa62deba80, 0x000001fa62de2a20, 0x000001fa62dea6d0, 0x000001fa62dec7a0,
0x000001fa62dee1e0, 0x000001fa62ded4c0, 0x000001fa62dee870, 0x000001fa62deef00,
0x000001fa62def590, 0x000001fa62df02b0, 0x000001fa62deb3f0, 0x000001fa62defc20,
0x000001fa62df0940, 0x000001fa62df0fd0, 0x000001fa62df1660, 0x000001fa62df78d0,
0x000001fa62df1cf0, 0x000001fa62e13080, 0x000001fa63eaf260, 0x000001fa63eaf8f0,
0x000001fa63eaff80, 0x000001fa63eb0610, 0x000001fa63ead190, 0x000001fa63eadeb0,
0x000001fa63ead820, 0x000001fa63eb0ca0, 0x000001fa63eb1330, 0x000001fa63eb19c0,
0x000001fa63eacb00, 0x000001fa63eae540, 0x000001fa63eb2050, 0x000001fa63eb47b0,
0x000001fa63eb5b60, 0x000001fa63eb26e0, 0x000001fa63eb54d0, 0x000001fa63eb4e40,
0x000001fa63eb6880, 0x000001fa63eaebd0, 0x000001fa63eb61f0, 0x000001fa63eb2d70,
0x000001fa63eb3400, 0x000001fa63eb6f10, 0x000001fa63eb9d00, 0x000001fa63eb3a90,
0x000001fa63eb8fe0, 0x000001fa63eb7c30, 0x000001fa63eb75a0, 0x000001fa63eb82c0,
0x000001fa63ebb0b0, 0x000001fa63eb8950, 0x000001fa63ebcaf0, 0x000001fa63ebb740,
0x000001fa63ebbdd0, 0x000001fa63ebc460, 0x000001fa63ebff70, 0x000001fa63eb4120,
0x000001fa63ebd180, 0x000001fa63ebd810, 0x000001fa63ebdea0, 0x000001fa63eba390,
0x000001fa63ebaa20, 0x000001fa63ec0600, 0x000001fa63ebf8e0, 0x000001fa63ec19b0,
0x000001fa63eb9670, 0x000001fa63ecb730, 0x000001fa63ed0c80, 0x000001fa63ec6870,
0x000001fa63e94140, 0x000001fa63e93ab0, 0x000001fa63ebebc0, 0x000001fa63e94e60,
0x000001fa63e954f0, 0x000001fa63e92070, 0x000001fa63eac470, 0x000001fa63e95b80,
0x000001fa63e93420, 0x000001fa63e92700, 0x000001fa63e97c50, 0x000001fa63e968a0,
0x000001fa63e98970, 0x000001fa63e96f30, 0x000001fa63e9bdf0, 0x000001fa63e9b0d0,
0x000001fa63e9cb10, 0x000001fa63e99d20, 0x000001fa63e9b760, 0x000001fa63e9c480,
0x000001fa63e9f270, 0x000001fa63e9ff90, 0x000001fa63e9e550, 0x000001fa63e9d1a0,
0x000001fa63e9ebe0, 0x000001fa63e9d830, 0x000001fa63ea2060, 0x000001fa63ea4130,
0x000001fa63ea26f0, 0x000001fa63ea2d80, 0x000001fa63ea3410, 0x000001fa63ea19d0,
0x000001fa63ea6890, 0x000001fa63ea54e0, 0x000001fa63ea6f20, 0x000001fa63ea8ff0,
0x000001fa63ea5b70, 0x000001fa63eaa3a0, 0x000001fa63eaaa30, 0x000001fa63eabde0,
0x000001fa63ea9d10, 0x000001fa63eab0c0, 0x000001fa63ea9680, 0x000001fa63ec0c90,
0x000001fa63ec1320, 0x000001fa63ebf250, 0x000001fa63ebe530, 0x000001fa63ec4110,
0x000001fa63ec2d60, 0x000001fa63ec3a80, 0x000001fa63ec4e30, 0x000001fa63ec54c0,
0x000001fa63ec33f0, 0x000001fa63ec2040, 0x000001fa63ec5b50, 0x000001fa63ec61e0,
0x000001fa63ec9660, 0x000001fa63ec8fd0, 0x000001fa63eca380, 0x000001fa63ec6f00,
0x000001fa63ecaa10, 0x000001fa63ec7c20, 0x000001fa63ec7590, 0x000001fa63ecb0a0,
0x000001fa63ec82b0, 0x000001fa63ec8940, 0x000001fa63ecde90, 0x000001fa63ece520,
0x000001fa63ecebb0, 0x000001fa63ecf240, 0x000001fa63eccae0, 0x000001fa63ecd800,
0x000001fa63ed2030, 0x000001fa581f69f0, 0x000001fa581f4920, 0x000001fa7e2f2f90,
0x000001fa62dec110, 0x000001fa5e7c40e0, 0x000001fa5e7c26a0, 0x000001fa7eebba00,
0x000001fa4e959850, 0x000001fa572fc6e0, 0x000001fa4d88abf0, 0x000001fa630ad320,
0x000001fa63ecc450, 0x000001fa579eb7c0, 0x000001fa7f51d7e0, 0x000001fa57883850,
0x000001fa7ea1b5a0, 0x000001fa63c79390, 0x000001fa63c7a0b0, 0x000001fa63c78d00,
0x000001fa63c78670, 0x000001fa63c7ef70, 0x000001fa63c7e8e0, 0x000001fa63c7baf0,
0x000001fa63c7e250, 0x000001fa63c7c180, 0x000001fa63c7cea0, 0x000001fa63c80320,
0x000001fa63c7fc90, 0x000001fa63c7d530, 0x000001fa63c83110, 0x000001fa63c82a80,
0x000001fa63c837a0, 0x000001fa63c816d0, 0x000001fa63c844c0, 0x000001fa63c84b50,
0x000001fa63c81d60, 0x000001fa63c7c810, 0x000001fa63c81040, 0x000001fa63c851e0,
0x000001fa63c85870, 0x000001fa63c823f0, 0x000001fa63c88660, 0x000001fa63c88cf0,
0x000001fa63c89380, 0x000001fa63c85f00, 0x000001fa63c89a10, 0x000001fa63c86590,
0x000001fa63c8a0a0, 0x000001fa63c86c20, 0x000001fa63c8bae0, 0x000001fa63c8dbb0,
0x000001fa63c8adc0, 0x000001fa63c87940, 0x000001fa63c8a730, 0x000001fa63c8b450,
0x000001fa63c8f5f0, 0x000001fa63c8d520, 0x000001fa63c8c170, 0x000001fa63c8c800,
0x000001fa63c8e240, 0x000001fa63c8ef60, 0x000001fa63c90310, 0x000001fa63c91d50,
0x000001fa63c909a0, 0x000001fa63c91030, 0x000001fa63c92a70, 0x000001fa63c923e0,
0x000001fa63c96c10, 0x000001fa63c97930, 0x000001fa63c951d0, 0x000001fa63c9a720,
0x000001fa63ca1020, 0x000001fa63ca23d0, 0x000001fa63ca0990, 0x000001fa63c916c0,
0x000001fa63c95860, 0x000001fa63ca30f0, 0x000001fa63c9fc70, 0x000001fa63c96580,
0x000001fa63c93100, 0x000001fa63c9bad0, 0x000001fa63ca51c0, 0x000001fa63ca4b30,
0x000001fa63c944b0, 0x000001fa63c98ce0, 0x000001fa63c9e230, 0x000001fa63c87fd0,
0x000001fa63c8e8d0, 0x000001fa63c8fc80, 0x000001fa63c9d510, 0x000001fa63c9b440,
0x000001fa63c9a090, 0x000001fa63c94b40, 0x000001fa63c9c7f0, 0x000001fa63c9ce80,
0x000001fa63c7dbc0, 0x000001fa63c9dba0, 0x000001fa63c93790, 0x000001fa63c972a0,
0x000001fa63c95ef0, 0x000001fa63c7b460, 0x000001fa63c99370, 0x000001fa63c9adb0,
0x000001fa63c99a00, 0x000001fa63c98650, 0x000001fa63c93e20, 0x000001fa63c97fc0,
0x000001fa63c9e8c0, 0x000001fa63c9ef50, 0x000001fa63c9f5e0, 0x000001fa63c9c160,
0x000001fa63ca1d40, 0x000001fa63ca3780, 0x000001fa63ca0300, 0x000001fa63ca2a60,
0x000001fa63ca3e10, 0x000001fa63ca44a0, 0x000001fa63ca16b0, 0x000001fa63ca6570,
0x000001fa63ca8640, 0x000001fa63ca6c00, 0x000001fa63ca8cd0, 0x000001fa63ca7290,
0x000001fa63ca7920, 0x000001fa63ca7fb0, 0x000001fa63ca5850, 0x000001fa63ca9360,
0x000001fa63ca5ee0, 0x000001fa63caa710, 0x000001fa63caa080
}

Java Threads: ( => current thread )
  0x000001fa69e2e330 JavaThread "main"                              [_thread_blocked, id=26600, stack(0x000000ba7d800000,0x000000ba7d900000) (1024K)]
  0x000001fa7d1798f0 JavaThread "Reference Handler"          daemon [_thread_blocked, id=7004, stack(0x000000ba7dc00000,0x000000ba7dd00000) (1024K)]
  0x000001fa7d17cc80 JavaThread "Finalizer"                  daemon [_thread_blocked, id=10952, stack(0x000000ba7dd00000,0x000000ba7de00000) (1024K)]
  0x000001fa7d17f560 JavaThread "Signal Dispatcher"          daemon [_thread_blocked, id=21444, stack(0x000000ba7de00000,0x000000ba7df00000) (1024K)]
  0x000001fa7d180440 JavaThread "Attach Listener"            daemon [_thread_blocked, id=11056, stack(0x000000ba7df00000,0x000000ba7e000000) (1024K)]
  0x000001fa7d1810a0 JavaThread "Service Thread"             daemon [_thread_blocked, id=27220, stack(0x000000ba7e000000,0x000000ba7e100000) (1024K)]
  0x000001fa7d185b20 JavaThread "Monitor Deflation Thread"   daemon [_thread_blocked, id=23772, stack(0x000000ba7e100000,0x000000ba7e200000) (1024K)]
=>0x000001fa7d188970 JavaThread "C2 CompilerThread0"         daemon [_thread_in_native, id=16456, stack(0x000000ba7e200000,0x000000ba7e300000) (1024K)]
  0x000001fa7d208410 JavaThread "C1 CompilerThread0"         daemon [_thread_blocked, id=17420, stack(0x000000ba7e300000,0x000000ba7e400000) (1024K)]
  0x000001fa7e0ca180 JavaThread "Common-Cleaner"             daemon [_thread_blocked, id=23096, stack(0x000000ba7e400000,0x000000ba7e500000) (1024K)]
  0x000001fa7e297730 JavaThread "Notification Thread"        daemon [_thread_blocked, id=20248, stack(0x000000ba7e500000,0x000000ba7e600000) (1024K)]
  0x000001fa7e7ae9e0 JavaThread "Active Thread: Equinox Container: 4a04e8bb-1568-460f-b2f9-242c0b9d11a8"        [_thread_blocked, id=15096, stack(0x000000ba7e900000,0x000000ba7ea00000) (1024K)]
  0x000001fa7e7eb290 JavaThread "Refresh Thread: Equinox Container: 4a04e8bb-1568-460f-b2f9-242c0b9d11a8" daemon [_thread_blocked, id=8592, stack(0x000000ba7ea00000,0x000000ba7eb00000) (1024K)]
  0x000001fa7df15260 JavaThread "Framework Event Dispatcher: Equinox Container: 4a04e8bb-1568-460f-b2f9-242c0b9d11a8" daemon [_thread_blocked, id=33428, stack(0x000000ba7eb00000,0x000000ba7ec00000) (1024K)]
  0x000001fa7df15ca0 JavaThread "Start Level: Equinox Container: 4a04e8bb-1568-460f-b2f9-242c0b9d11a8" daemon [_thread_blocked, id=32512, stack(0x000000ba7ec00000,0x000000ba7ed00000) (1024K)]
  0x000001fa7eda51d0 JavaThread "Bundle File Closer"         daemon [_thread_blocked, id=12756, stack(0x000000ba7ed00000,0x000000ba7ee00000) (1024K)]
  0x000001fa7e945ce0 JavaThread "SCR Component Actor"        daemon [_thread_blocked, id=17872, stack(0x000000ba7d600000,0x000000ba7d700000) (1024K)]
  0x000001fa7e87c490 JavaThread "Worker-JM"                         [_thread_blocked, id=23872, stack(0x000000ba7d700000,0x000000ba7d800000) (1024K)]
  0x000001fa7eebc090 JavaThread "JNA Cleaner"                daemon [_thread_blocked, id=25896, stack(0x000000ba7f000000,0x000000ba7f100000) (1024K)]
  0x000001fa7ea1a880 JavaThread "Java indexing"              daemon [_thread_blocked, id=19716, stack(0x000000ba7f500000,0x000000ba7f600000) (1024K)]
  0x000001fa7ea1af10 JavaThread "Thread-1"                   daemon [_thread_in_native, id=30848, stack(0x000000ba7f900000,0x000000ba7fa00000) (1024K)]
  0x000001fa7ea1c950 JavaThread "Thread-2"                   daemon [_thread_in_native, id=29288, stack(0x000000ba7fa00000,0x000000ba7fb00000) (1024K)]
  0x000001fa7ea194d0 JavaThread "Thread-3"                   daemon [_thread_in_native, id=9396, stack(0x000000ba7fb00000,0x000000ba7fc00000) (1024K)]
  0x000001fa7ea1d670 JavaThread "Thread-4"                   daemon [_thread_in_native, id=25160, stack(0x000000ba7fc00000,0x000000ba7fd00000) (1024K)]
  0x000001fa7ea1bc30 JavaThread "Thread-5"                   daemon [_thread_in_native, id=15748, stack(0x000000ba7fd00000,0x000000ba7fe00000) (1024K)]
  0x000001fa7ea1a1f0 JavaThread "pool-2-thread-1"                   [_thread_blocked, id=30808, stack(0x000000ba7fe00000,0x000000ba7ff00000) (1024K)]
  0x000001fa7ea1f740 JavaThread "WorkspaceEventsHandler"            [_thread_blocked, id=31620, stack(0x000000ba00000000,0x000000ba00100000) (1024K)]
  0x000001fa7ea1e390 JavaThread "pool-1-thread-1"                   [_thread_blocked, id=9536, stack(0x000000ba00100000,0x000000ba00200000) (1024K)]
  0x000001fa7ea20460 JavaThread "Timer-0"                           [_thread_blocked, id=32820, stack(0x000000ba00300000,0x000000ba00400000) (1024K)]
  0x000001fa4d88c630 JavaThread "Timer-1"                           [_thread_blocked, id=8956, stack(0x000000ba00400000,0x000000ba00500000) (1024K)]
  0x000001fa4d88d350 JavaThread "Timer-2"                           [_thread_blocked, id=32348, stack(0x000000ba00500000,0x000000ba00600000) (1024K)]
  0x000001fa4d889ed0 JavaThread "Timer-3"                           [_thread_blocked, id=33544, stack(0x000000ba00600000,0x000000ba00700000) (1024K)]
  0x000001fa4d88d9e0 JavaThread "Timer-4"                           [_thread_blocked, id=1124, stack(0x000000ba00700000,0x000000ba00800000) (1024K)]
  0x000001fa4d88b280 JavaThread "Timer-5"                           [_thread_blocked, id=11256, stack(0x000000ba00800000,0x000000ba00900000) (1024K)]
  0x000001fa4d88a560 JavaThread "Timer-6"                           [_thread_blocked, id=30264, stack(0x000000ba00900000,0x000000ba00a00000) (1024K)]
  0x000001fa4d88b910 JavaThread "Timer-7"                           [_thread_blocked, id=23492, stack(0x000000ba00a00000,0x000000ba00b00000) (1024K)]
  0x000001fa7ea18e40 JavaThread "Timer-8"                           [_thread_blocked, id=33056, stack(0x000000ba01700000,0x000000ba01800000) (1024K)]
  0x000001fa7ea1cfe0 JavaThread "Timer-9"                           [_thread_blocked, id=10440, stack(0x000000ba01800000,0x000000ba01900000) (1024K)]
  0x000001fa7ea19b60 JavaThread "Timer-10"                          [_thread_blocked, id=16068, stack(0x000000ba01900000,0x000000ba01a00000) (1024K)]
  0x000001fa7ea1f0b0 JavaThread "Timer-11"                          [_thread_blocked, id=22164, stack(0x000000ba01a00000,0x000000ba01b00000) (1024K)]
  0x000001fa572faca0 JavaThread "Timer-12"                          [_thread_blocked, id=21992, stack(0x000000ba01b00000,0x000000ba01c00000) (1024K)]
  0x000001fa572fb330 JavaThread "Timer-13"                          [_thread_blocked, id=29072, stack(0x000000ba01c00000,0x000000ba01d00000) (1024K)]
  0x000001fa572fb9c0 JavaThread "Timer-14"                          [_thread_blocked, id=10460, stack(0x000000ba02100000,0x000000ba02200000) (1024K)]
  0x000001fa572fc050 JavaThread "Timer-15"                          [_thread_blocked, id=29592, stack(0x000000ba01d00000,0x000000ba01e00000) (1024K)]
  0x000001fa572fda90 JavaThread "Timer-16"                          [_thread_blocked, id=25104, stack(0x000000ba02300000,0x000000ba02400000) (1024K)]
  0x000001fa572fa610 JavaThread "Timer-17"                          [_thread_blocked, id=29260, stack(0x000000ba02400000,0x000000ba02500000) (1024K)]
  0x000001fa572fcd70 JavaThread "Timer-18"                          [_thread_blocked, id=22472, stack(0x000000ba02800000,0x000000ba02900000) (1024K)]
  0x000001fa572ff4d0 JavaThread "Timer-19"                          [_thread_blocked, id=12020, stack(0x000000ba00f00000,0x000000ba01000000) (1024K)]
  0x000001fa572fee40 JavaThread "Timer-20"                          [_thread_blocked, id=25852, stack(0x000000ba02900000,0x000000ba02a00000) (1024K)]
  0x000001fa572f8540 JavaThread "Timer-21"                          [_thread_blocked, id=18768, stack(0x000000ba01100000,0x000000ba01200000) (1024K)]
  0x000001fa572f9260 JavaThread "Timer-22"                          [_thread_blocked, id=23392, stack(0x000000ba01e00000,0x000000ba01f00000) (1024K)]
  0x000001fa572f98f0 JavaThread "Timer-23"                          [_thread_blocked, id=6672, stack(0x000000ba01f00000,0x000000ba02000000) (1024K)]
  0x000001fa572fd400 JavaThread "Timer-24"                          [_thread_blocked, id=20964, stack(0x000000ba02000000,0x000000ba02100000) (1024K)]
  0x000001fa572fe120 JavaThread "Timer-25"                          [_thread_blocked, id=12712, stack(0x000000ba02600000,0x000000ba02700000) (1024K)]
  0x000001fa7ea1fdd0 JavaThread "Timer-26"                          [_thread_blocked, id=33284, stack(0x000000ba02700000,0x000000ba02800000) (1024K)]
  0x000001fa7ea1c2c0 JavaThread "Timer-27"                          [_thread_blocked, id=22700, stack(0x000000ba02a00000,0x000000ba02b00000) (1024K)]
  0x000001fa4d890140 JavaThread "Timer-28"                          [_thread_blocked, id=13496, stack(0x000000ba02c00000,0x000000ba02d00000) (1024K)]
  0x000001fa7e2f4340 JavaThread "Timer-29"                          [_thread_blocked, id=32872, stack(0x000000ba02b00000,0x000000ba02c00000) (1024K)]
  0x000001fa7e2f49d0 JavaThread "Timer-30"                          [_thread_blocked, id=24236, stack(0x000000ba02d00000,0x000000ba02e00000) (1024K)]
  0x000001fa7e2f3620 JavaThread "Timer-31"                          [_thread_blocked, id=4820, stack(0x000000ba02f00000,0x000000ba03000000) (1024K)]
  0x000001fa7e2f1be0 JavaThread "Timer-32"                          [_thread_blocked, id=3192, stack(0x000000ba03100000,0x000000ba03200000) (1024K)]
  0x000001fa7e2f2900 JavaThread "Timer-33"                          [_thread_blocked, id=32116, stack(0x000000ba03200000,0x000000ba03300000) (1024K)]
  0x000001fa7e2f56f0 JavaThread "Timer-34"                          [_thread_blocked, id=18308, stack(0x000000ba03300000,0x000000ba03400000) (1024K)]
  0x000001fa7e2f2270 JavaThread "Timer-35"                          [_thread_blocked, id=28344, stack(0x000000ba03400000,0x000000ba03500000) (1024K)]
  0x000001fa7e2f7130 JavaThread "Timer-36"                          [_thread_blocked, id=16324, stack(0x000000ba03600000,0x000000ba03700000) (1024K)]
  0x000001fa7e2f5d80 JavaThread "Timer-37"                          [_thread_blocked, id=20116, stack(0x000000ba03500000,0x000000ba03600000) (1024K)]
  0x000001fa7e2f6410 JavaThread "Timer-38"                          [_thread_blocked, id=15564, stack(0x000000ba03700000,0x000000ba03800000) (1024K)]
  0x000001fa7e2f6aa0 JavaThread "Timer-39"                          [_thread_blocked, id=20760, stack(0x000000ba03800000,0x000000ba03900000) (1024K)]
  0x000001fa7e2f7e50 JavaThread "Timer-40"                          [_thread_blocked, id=10212, stack(0x000000ba03900000,0x000000ba03a00000) (1024K)]
  0x000001fa7e2f84e0 JavaThread "Timer-41"                          [_thread_blocked, id=1716, stack(0x000000ba03a00000,0x000000ba03b00000) (1024K)]
  0x000001fa7e2f5060 JavaThread "Timer-42"                          [_thread_blocked, id=23172, stack(0x000000ba03b00000,0x000000ba03c00000) (1024K)]
  0x000001fa7e2f8b70 JavaThread "Timer-43"                          [_thread_blocked, id=24132, stack(0x000000ba03c00000,0x000000ba03d00000) (1024K)]
  0x000001fa572f8bd0 JavaThread "Timer-44"                          [_thread_blocked, id=19212, stack(0x000000ba03e00000,0x000000ba03f00000) (1024K)]
  0x000001fa7e2f9200 JavaThread "Timer-45"                          [_thread_blocked, id=8460, stack(0x000000ba03d00000,0x000000ba03e00000) (1024K)]
  0x000001fa572fe7b0 JavaThread "Timer-46"                          [_thread_blocked, id=10904, stack(0x000000ba03f00000,0x000000ba04000000) (1024K)]
  0x000001fa579eb130 JavaThread "Timer-47"                          [_thread_blocked, id=22444, stack(0x000000ba04100000,0x000000ba04200000) (1024K)]
  0x000001fa579ecb70 JavaThread "Timer-48"                          [_thread_blocked, id=25364, stack(0x000000ba04400000,0x000000ba04500000) (1024K)]
  0x000001fa579ed890 JavaThread "Timer-49"                          [_thread_blocked, id=23588, stack(0x000000ba04500000,0x000000ba04600000) (1024K)]
  0x000001fa579eaaa0 JavaThread "Timer-50"                          [_thread_blocked, id=16356, stack(0x000000ba04600000,0x000000ba04700000) (1024K)]
  0x000001fa579ed200 JavaThread "Timer-51"                          [_thread_blocked, id=1376, stack(0x000000ba04700000,0x000000ba04800000) (1024K)]
  0x000001fa579ee5b0 JavaThread "Timer-52"                          [_thread_blocked, id=15700, stack(0x000000ba04800000,0x000000ba04900000) (1024K)]
  0x000001fa579eec40 JavaThread "Timer-53"                          [_thread_blocked, id=18776, stack(0x000000ba03000000,0x000000ba03100000) (1024K)]
  0x000001fa579ebe50 JavaThread "Timer-54"                          [_thread_blocked, id=30836, stack(0x000000ba04a00000,0x000000ba04b00000) (1024K)]
  0x000001fa579ef2d0 JavaThread "Timer-55"                          [_thread_blocked, id=23252, stack(0x000000ba04b00000,0x000000ba04c00000) (1024K)]
  0x000001fa579ef960 JavaThread "Timer-56"                          [_thread_blocked, id=20956, stack(0x000000ba04900000,0x000000ba04a00000) (1024K)]
  0x000001fa579ec4e0 JavaThread "Timer-57"                          [_thread_blocked, id=17412, stack(0x000000ba04c00000,0x000000ba04d00000) (1024K)]
  0x000001fa579f1a30 JavaThread "Timer-58"                          [_thread_blocked, id=4608, stack(0x000000ba04e00000,0x000000ba04f00000) (1024K)]
  0x000001fa579efff0 JavaThread "Timer-59"                          [_thread_blocked, id=24624, stack(0x000000ba04d00000,0x000000ba04e00000) (1024K)]
  0x000001fa579f0680 JavaThread "Timer-60"                          [_thread_blocked, id=21612, stack(0x000000ba05100000,0x000000ba05200000) (1024K)]
  0x000001fa579f0d10 JavaThread "Timer-61"                          [_thread_blocked, id=17892, stack(0x000000ba04f00000,0x000000ba05000000) (1024K)]
  0x000001fa579f13a0 JavaThread "Timer-62"                          [_thread_blocked, id=4888, stack(0x000000ba05200000,0x000000ba05300000) (1024K)]
  0x000001fa579f20c0 JavaThread "Timer-63"                          [_thread_blocked, id=19192, stack(0x000000ba05000000,0x000000ba05100000) (1024K)]
  0x000001fa581f21c0 JavaThread "Timer-64"                          [_thread_blocked, id=17044, stack(0x000000ba05400000,0x000000ba05500000) (1024K)]
  0x000001fa581f2ee0 JavaThread "Timer-65"                          [_thread_blocked, id=2776, stack(0x000000ba05500000,0x000000ba05600000) (1024K)]
  0x000001fa581f3570 JavaThread "Timer-66"                          [_thread_blocked, id=19520, stack(0x000000ba05700000,0x000000ba05800000) (1024K)]
  0x000001fa581f0780 JavaThread "Timer-67"                          [_thread_blocked, id=26036, stack(0x000000ba05600000,0x000000ba05700000) (1024K)]
  0x000001fa581f0e10 JavaThread "Timer-68"                          [_thread_blocked, id=7980, stack(0x000000ba05900000,0x000000ba05a00000) (1024K)]
  0x000001fa581f14a0 JavaThread "Timer-69"                          [_thread_blocked, id=14952, stack(0x000000ba05800000,0x000000ba05900000) (1024K)]
  0x000001fa581f2850 JavaThread "Timer-70"                          [_thread_blocked, id=28520, stack(0x000000ba05a00000,0x000000ba05b00000) (1024K)]
  0x000001fa581f00f0 JavaThread "Timer-71"                          [_thread_blocked, id=18388, stack(0x000000ba05c00000,0x000000ba05d00000) (1024K)]
  0x000001fa581f5cd0 JavaThread "Timer-72"                          [_thread_blocked, id=29548, stack(0x000000ba05e00000,0x000000ba05f00000) (1024K)]
  0x000001fa581f7080 JavaThread "Timer-73"                          [_thread_blocked, id=31612, stack(0x000000ba05f00000,0x000000ba06000000) (1024K)]
  0x000001fa581f4fb0 JavaThread "Timer-74"                          [_thread_blocked, id=21572, stack(0x000000ba06000000,0x000000ba06100000) (1024K)]
  0x000001fa581f5640 JavaThread "Timer-75"                          [_thread_blocked, id=22404, stack(0x000000ba06100000,0x000000ba06200000) (1024K)]
  0x000001fa581f3c00 JavaThread "Timer-76"                          [_thread_blocked, id=10864, stack(0x000000ba06200000,0x000000ba06300000) (1024K)]
  0x000001fa581f7710 JavaThread "Timer-77"                          [_thread_blocked, id=28472, stack(0x000000ba06300000,0x000000ba06400000) (1024K)]
  0x000001fa581f4290 JavaThread "Timer-78"                          [_thread_blocked, id=32216, stack(0x000000ba06400000,0x000000ba06500000) (1024K)]
  0x000001fa579edf20 JavaThread "Timer-79"                          [_thread_blocked, id=19940, stack(0x000000ba06500000,0x000000ba06600000) (1024K)]
  0x000001fa4e957780 JavaThread "Timer-80"                          [_thread_blocked, id=25324, stack(0x000000ba06600000,0x000000ba06700000) (1024K)]
  0x000001fa4e955d40 JavaThread "Timer-81"                          [_thread_blocked, id=23692, stack(0x000000ba06700000,0x000000ba06800000) (1024K)]
  0x000001fa4e955020 JavaThread "Timer-82"                          [_thread_blocked, id=31388, stack(0x000000ba06800000,0x000000ba06900000) (1024K)]
  0x000001fa4e958b30 JavaThread "Timer-83"                          [_thread_blocked, id=24944, stack(0x000000ba06900000,0x000000ba06a00000) (1024K)]
  0x000001fa4e957e10 JavaThread "Timer-84"                          [_thread_blocked, id=9948, stack(0x000000ba06a00000,0x000000ba06b00000) (1024K)]
  0x000001fa4e9563d0 JavaThread "Timer-85"                          [_thread_blocked, id=13160, stack(0x000000ba06b00000,0x000000ba06c00000) (1024K)]
  0x000001fa4e9584a0 JavaThread "Timer-86"                          [_thread_blocked, id=27412, stack(0x000000ba06c00000,0x000000ba06d00000) (1024K)]
  0x000001fa4e956a60 JavaThread "Timer-87"                          [_thread_blocked, id=500, stack(0x000000ba06e00000,0x000000ba06f00000) (1024K)]
  0x000001fa4e95b920 JavaThread "Timer-88"                          [_thread_blocked, id=18736, stack(0x000000ba06f00000,0x000000ba07000000) (1024K)]
  0x000001fa4e9591c0 JavaThread "Timer-89"                          [_thread_blocked, id=23404, stack(0x000000ba07000000,0x000000ba07100000) (1024K)]
  0x000001fa4e959ee0 JavaThread "Timer-90"                          [_thread_blocked, id=29316, stack(0x000000ba07100000,0x000000ba07200000) (1024K)]
  0x000001fa4e95bfb0 JavaThread "Timer-91"                          [_thread_blocked, id=7096, stack(0x000000ba07200000,0x000000ba07300000) (1024K)]
  0x000001fa4e95a570 JavaThread "Timer-92"                          [_thread_blocked, id=23128, stack(0x000000ba07400000,0x000000ba07500000) (1024K)]
  0x000001fa4e95ac00 JavaThread "Timer-93"                          [_thread_blocked, id=17108, stack(0x000000ba07300000,0x000000ba07400000) (1024K)]
  0x000001fa4d88ccc0 JavaThread "Timer-94"                          [_thread_blocked, id=4268, stack(0x000000ba07500000,0x000000ba07600000) (1024K)]
  0x000001fa4e95b290 JavaThread "Timer-95"                          [_thread_blocked, id=20656, stack(0x000000ba07600000,0x000000ba07700000) (1024K)]
  0x000001fa7f51eb90 JavaThread "Timer-96"                          [_thread_blocked, id=26784, stack(0x000000ba07800000,0x000000ba07900000) (1024K)]
  0x000001fa7f51f220 JavaThread "Timer-97"                          [_thread_blocked, id=19232, stack(0x000000ba07900000,0x000000ba07a00000) (1024K)]
  0x000001fa7f5205d0 JavaThread "Timer-98"                          [_thread_blocked, id=9372, stack(0x000000ba07b00000,0x000000ba07c00000) (1024K)]
  0x000001fa7f51d150 JavaThread "Timer-99"                          [_thread_blocked, id=8912, stack(0x000000ba07a00000,0x000000ba07b00000) (1024K)]
  0x000001fa7f51e500 JavaThread "Timer-100"                         [_thread_blocked, id=19800, stack(0x000000ba07c00000,0x000000ba07d00000) (1024K)]
  0x000001fa7f51f8b0 JavaThread "Timer-101"                         [_thread_blocked, id=20852, stack(0x000000ba07d00000,0x000000ba07e00000) (1024K)]
  0x000001fa7f520c60 JavaThread "Timer-102"                         [_thread_blocked, id=31896, stack(0x000000ba07e00000,0x000000ba07f00000) (1024K)]
  0x000001fa7f51ff40 JavaThread "Timer-103"                         [_thread_blocked, id=17112, stack(0x000000ba07f00000,0x000000ba08000000) (1024K)]
  0x000001fa7f51de70 JavaThread "Timer-104"                         [_thread_blocked, id=2188, stack(0x000000ba08100000,0x000000ba08200000) (1024K)]
  0x000001fa7f5240e0 JavaThread "Timer-105"                         [_thread_blocked, id=26492, stack(0x000000ba08200000,0x000000ba08300000) (1024K)]
  0x000001fa7f524770 JavaThread "Timer-106"                         [_thread_blocked, id=9940, stack(0x000000ba08400000,0x000000ba08500000) (1024K)]
  0x000001fa7f521980 JavaThread "Timer-107"                         [_thread_blocked, id=4368, stack(0x000000ba08300000,0x000000ba08400000) (1024K)]
  0x000001fa7f522010 JavaThread "Timer-108"                         [_thread_blocked, id=12300, stack(0x000000ba08600000,0x000000ba08700000) (1024K)]
  0x000001fa7f5226a0 JavaThread "Timer-109"                         [_thread_blocked, id=11616, stack(0x000000ba08500000,0x000000ba08600000) (1024K)]
  0x000001fa7f5233c0 JavaThread "Timer-110"                         [_thread_blocked, id=32696, stack(0x000000ba08800000,0x000000ba08900000) (1024K)]
  0x000001fa7f523a50 JavaThread "Timer-111"                         [_thread_blocked, id=28364, stack(0x000000ba08700000,0x000000ba08800000) (1024K)]
  0x000001fa7f5212f0 JavaThread "Timer-112"                         [_thread_blocked, id=9992, stack(0x000000ba08900000,0x000000ba08a00000) (1024K)]
  0x000001fa7f522d30 JavaThread "Timer-113"                         [_thread_blocked, id=24388, stack(0x000000ba08a00000,0x000000ba08b00000) (1024K)]
  0x000001fa5e7c2d30 JavaThread "Timer-114"                         [_thread_blocked, id=10592, stack(0x000000ba08b00000,0x000000ba08c00000) (1024K)]
  0x000001fa5e7c4770 JavaThread "Timer-115"                         [_thread_blocked, id=26404, stack(0x000000ba08c00000,0x000000ba08d00000) (1024K)]
  0x000001fa5e7c3a50 JavaThread "Timer-116"                         [_thread_blocked, id=808, stack(0x000000ba08e00000,0x000000ba08f00000) (1024K)]
  0x000001fa5e7c4e00 JavaThread "Timer-117"                         [_thread_blocked, id=31780, stack(0x000000ba08d00000,0x000000ba08e00000) (1024K)]
  0x000001fa5e7c2010 JavaThread "Timer-118"                         [_thread_blocked, id=30008, stack(0x000000ba08f00000,0x000000ba09000000) (1024K)]
  0x000001fa5e7c1980 JavaThread "Timer-119"                         [_thread_blocked, id=21476, stack(0x000000ba09000000,0x000000ba09100000) (1024K)]
  0x000001fa4e95c640 JavaThread "Timer-120"                         [_thread_blocked, id=12932, stack(0x000000ba09300000,0x000000ba09400000) (1024K)]
  0x000001fa5787a160 JavaThread "Timer-121"                         [_thread_blocked, id=27760, stack(0x000000ba09400000,0x000000ba09500000) (1024K)]
  0x000001fa57879ad0 JavaThread "Timer-122"                         [_thread_blocked, id=31152, stack(0x000000ba09600000,0x000000ba09700000) (1024K)]
  0x000001fa57877a00 JavaThread "Timer-123"                         [_thread_blocked, id=28824, stack(0x000000ba09500000,0x000000ba09600000) (1024K)]
  0x000001fa57878720 JavaThread "Timer-124"                         [_thread_blocked, id=17436, stack(0x000000ba09800000,0x000000ba09900000) (1024K)]
  0x000001fa57878090 JavaThread "Timer-125"                         [_thread_blocked, id=26100, stack(0x000000ba09700000,0x000000ba09800000) (1024K)]
  0x000001fa5787a7f0 JavaThread "Timer-126"                         [_thread_blocked, id=32424, stack(0x000000ba09900000,0x000000ba09a00000) (1024K)]
  0x000001fa57879440 JavaThread "Timer-127"                         [_thread_blocked, id=21280, stack(0x000000ba09a00000,0x000000ba09b00000) (1024K)]
  0x000001fa5787d5e0 JavaThread "Timer-128"                         [_thread_blocked, id=24104, stack(0x000000ba09b00000,0x000000ba09c00000) (1024K)]
  0x000001fa5787cf50 JavaThread "Timer-129"                         [_thread_blocked, id=27528, stack(0x000000ba09c00000,0x000000ba09d00000) (1024K)]
  0x000001fa5787b510 JavaThread "Timer-130"                         [_thread_blocked, id=27604, stack(0x000000ba09d00000,0x000000ba09e00000) (1024K)]
  0x000001fa5787dc70 JavaThread "Timer-131"                         [_thread_blocked, id=5848, stack(0x000000ba09e00000,0x000000ba09f00000) (1024K)]
  0x000001fa5787e300 JavaThread "Timer-132"                         [_thread_blocked, id=16168, stack(0x000000ba0a000000,0x000000ba0a100000) (1024K)]
  0x000001fa5787c230 JavaThread "Timer-133"                         [_thread_blocked, id=20264, stack(0x000000ba09f00000,0x000000ba0a000000) (1024K)]
  0x000001fa5787bba0 JavaThread "Timer-134"                         [_thread_blocked, id=5980, stack(0x000000ba0a300000,0x000000ba0a400000) (1024K)]
  0x000001fa5787c8c0 JavaThread "Timer-135"                         [_thread_blocked, id=16660, stack(0x000000ba0a100000,0x000000ba0a200000) (1024K)]
  0x000001fa5787ae80 JavaThread "Timer-136"                         [_thread_blocked, id=25756, stack(0x000000ba0a400000,0x000000ba0a500000) (1024K)]
  0x000001fa578803d0 JavaThread "Timer-137"                         [_thread_blocked, id=12680, stack(0x000000ba0a500000,0x000000ba0a600000) (1024K)]
  0x000001fa57881e10 JavaThread "Timer-138"                         [_thread_blocked, id=8372, stack(0x000000ba0a700000,0x000000ba0a800000) (1024K)]
  0x000001fa5787f6b0 JavaThread "Timer-139"                         [_thread_blocked, id=15696, stack(0x000000ba0a600000,0x000000ba0a700000) (1024K)]
  0x000001fa5787fd40 JavaThread "Timer-140"                         [_thread_blocked, id=12900, stack(0x000000ba0a900000,0x000000ba0aa00000) (1024K)]
  0x000001fa57880a60 JavaThread "Timer-141"                         [_thread_blocked, id=12384, stack(0x000000ba0a800000,0x000000ba0a900000) (1024K)]
  0x000001fa578810f0 JavaThread "Timer-142"                         [_thread_blocked, id=9884, stack(0x000000ba0aa00000,0x000000ba0ab00000) (1024K)]
  0x000001fa578824a0 JavaThread "Timer-143"                         [_thread_blocked, id=2036, stack(0x000000ba0ac00000,0x000000ba0ad00000) (1024K)]
  0x000001fa5787f020 JavaThread "Timer-144"                         [_thread_blocked, id=13096, stack(0x000000ba0ad00000,0x000000ba0ae00000) (1024K)]
  0x000001fa57885fb0 JavaThread "Timer-145"                         [_thread_blocked, id=33188, stack(0x000000ba0ae00000,0x000000ba0af00000) (1024K)]
  0x000001fa57884c00 JavaThread "Timer-146"                         [_thread_blocked, id=12744, stack(0x000000ba0af00000,0x000000ba0b000000) (1024K)]
  0x000001fa57885920 JavaThread "Timer-147"                         [_thread_blocked, id=21972, stack(0x000000ba0b000000,0x000000ba0b100000) (1024K)]
  0x000001fa57886640 JavaThread "Timer-148"                         [_thread_blocked, id=31912, stack(0x000000ba0b300000,0x000000ba0b400000) (1024K)]
  0x000001fa578831c0 JavaThread "Timer-149"                         [_thread_blocked, id=24392, stack(0x000000ba0b100000,0x000000ba0b200000) (1024K)]
  0x000001fa57883ee0 JavaThread "Timer-150"                         [_thread_blocked, id=12100, stack(0x000000ba0b200000,0x000000ba0b300000) (1024K)]
  0x000001fa57884570 JavaThread "Timer-151"                         [_thread_blocked, id=26260, stack(0x000000ba0b400000,0x000000ba0b500000) (1024K)]
  0x000001fa57877370 JavaThread "Worker-25: Initialize workspace"        [_thread_blocked, id=11704, stack(0x000000ba09200000,0x000000ba09300000) (1024K)]
  0x000001fa57885290 JavaThread "Timer-152"                         [_thread_blocked, id=31868, stack(0x000000ba0b700000,0x000000ba0b800000) (1024K)]
  0x000001fa5e7c33c0 JavaThread "Timer-153"                         [_thread_blocked, id=28048, stack(0x000000ba0b800000,0x000000ba0b900000) (1024K)]
  0x000001fa4eebf210 JavaThread "Timer-154"                         [_thread_blocked, id=26664, stack(0x000000ba0b900000,0x000000ba0ba00000) (1024K)]
  0x000001fa4eebff30 JavaThread "Timer-155"                         [_thread_blocked, id=16780, stack(0x000000ba0ba00000,0x000000ba0bb00000) (1024K)]
  0x000001fa4eebd140 JavaThread "Timer-156"                         [_thread_blocked, id=20836, stack(0x000000ba0bb00000,0x000000ba0bc00000) (1024K)]
  0x000001fa4eec05c0 JavaThread "Timer-157"                         [_thread_blocked, id=11320, stack(0x000000ba0bc00000,0x000000ba0bd00000) (1024K)]
  0x000001fa4eebd7d0 JavaThread "Timer-158"                         [_thread_blocked, id=29224, stack(0x000000ba0bd00000,0x000000ba0be00000) (1024K)]
  0x000001fa4eebf8a0 JavaThread "Timer-159"                         [_thread_blocked, id=27300, stack(0x000000ba0be00000,0x000000ba0bf00000) (1024K)]
  0x000001fa4eec12e0 JavaThread "Timer-160"                         [_thread_blocked, id=32064, stack(0x000000ba0bf00000,0x000000ba0c000000) (1024K)]
  0x000001fa4eebde60 JavaThread "Timer-161"                         [_thread_blocked, id=4320, stack(0x000000ba0c000000,0x000000ba0c100000) (1024K)]
  0x000001fa4eebe4f0 JavaThread "Timer-162"                         [_thread_blocked, id=14532, stack(0x000000ba0c200000,0x000000ba0c300000) (1024K)]
  0x000001fa4eec1970 JavaThread "Timer-163"                         [_thread_blocked, id=16112, stack(0x000000ba0c100000,0x000000ba0c200000) (1024K)]
  0x000001fa4eebeb80 JavaThread "Timer-164"                         [_thread_blocked, id=30792, stack(0x000000ba0c300000,0x000000ba0c400000) (1024K)]
  0x000001fa4eec2000 JavaThread "Timer-165"                         [_thread_blocked, id=9376, stack(0x000000ba0c400000,0x000000ba0c500000) (1024K)]
  0x000001fa4eec5b10 JavaThread "Timer-166"                         [_thread_blocked, id=29816, stack(0x000000ba0c700000,0x000000ba0c800000) (1024K)]
  0x000001fa4eec33b0 JavaThread "Timer-167"                         [_thread_blocked, id=11952, stack(0x000000ba0c500000,0x000000ba0c600000) (1024K)]
  0x000001fa4eec3a40 JavaThread "Worker-28: Initialize workspace"        [_thread_blocked, id=22872, stack(0x000000ba0c800000,0x000000ba0c900000) (1024K)]
  0x000001fa4eec40d0 JavaThread "Worker-29: Initialize workspace"        [_thread_blocked, id=22504, stack(0x000000ba0c900000,0x000000ba0ca00000) (1024K)]
  0x000001fa4eec0c50 JavaThread "Worker-30: Initialize workspace"        [_thread_blocked, id=22136, stack(0x000000ba0ca00000,0x000000ba0cb00000) (1024K)]
  0x000001fa4eec6830 JavaThread "Worker-31: Initialize workspace"        [_thread_blocked, id=17464, stack(0x000000ba0cb00000,0x000000ba0cc00000) (1024K)]
  0x000001fa4eec4df0 JavaThread "Worker-32: Initialize workspace"        [_thread_blocked, id=12500, stack(0x000000ba0cc00000,0x000000ba0cd00000) (1024K)]
  0x000001fa4eec61a0 JavaThread "Worker-33: Initialize workspace"        [_thread_blocked, id=13768, stack(0x000000ba0cd00000,0x000000ba0ce00000) (1024K)]
  0x000001fa4eec6ec0 JavaThread "Worker-34: Initialize workspace"        [_thread_blocked, id=33224, stack(0x000000ba0ce00000,0x000000ba0cf00000) (1024K)]
  0x000001fa4eec8270 JavaThread "Worker-35: Initialize workspace"        [_thread_blocked, id=22232, stack(0x000000ba0cf00000,0x000000ba0d000000) (1024K)]
  0x000001fa4eec7550 JavaThread "Worker-36: Initialize workspace"        [_thread_blocked, id=3796, stack(0x000000ba0d000000,0x000000ba0d100000) (1024K)]
  0x000001fa4eec7be0 JavaThread "Worker-37: Initialize workspace"        [_thread_blocked, id=2176, stack(0x000000ba0d100000,0x000000ba0d200000) (1024K)]
  0x000001fa4eec5480 JavaThread "Worker-39: Initialize workspace"        [_thread_blocked, id=9908, stack(0x000000ba0d300000,0x000000ba0d400000) (1024K)]
  0x000001fa4eecbd80 JavaThread "Worker-40: Initialize workspace"        [_thread_blocked, id=8476, stack(0x000000ba0d400000,0x000000ba0d500000) (1024K)]
  0x000001fa4eec9620 JavaThread "Worker-41: Initialize workspace"        [_thread_blocked, id=10700, stack(0x000000ba0d500000,0x000000ba0d600000) (1024K)]
  0x000001fa4eecb6f0 JavaThread "Worker-42: Initialize workspace"        [_thread_blocked, id=31860, stack(0x000000ba0d600000,0x000000ba0d700000) (1024K)]
  0x000001fa4eec8f90 JavaThread "Worker-43: Initialize workspace"        [_thread_blocked, id=18368, stack(0x000000ba0d700000,0x000000ba0d800000) (1024K)]
  0x000001fa4eecb060 JavaThread "Worker-44: Initialize workspace"        [_thread_blocked, id=15236, stack(0x000000ba0d800000,0x000000ba0d900000) (1024K)]
  0x000001fa4eeca340 JavaThread "Worker-46: Initialize workspace"        [_thread_blocked, id=10656, stack(0x000000ba0da00000,0x000000ba0db00000) (1024K)]
  0x000001fa4eecc410 JavaThread "PatternSearchJob-worker-2"  daemon [_thread_blocked, id=28348, stack(0x000000ba0de00000,0x000000ba0df00000) (1024K)]
  0x000001fa57882b30 JavaThread "PatternSearchJob-worker-1"  daemon [_thread_blocked, id=24904, stack(0x000000ba0df00000,0x000000ba0e000000) (1024K)]
  0x000001fa5ec320f0 JavaThread "Timer-168"                         [_thread_blocked, id=13936, stack(0x000000ba0e100000,0x000000ba0e200000) (1024K)]
  0x000001fa5ec306b0 JavaThread "Timer-169"                         [_thread_blocked, id=18296, stack(0x000000ba0e200000,0x000000ba0e300000) (1024K)]
  0x000001fa5ec334a0 JavaThread "Timer-170"                         [_thread_blocked, id=8824, stack(0x000000ba0e300000,0x000000ba0e400000) (1024K)]
  0x000001fa5ec30d40 JavaThread "Timer-171"                         [_thread_blocked, id=30652, stack(0x000000ba0e400000,0x000000ba0e500000) (1024K)]
  0x000001fa5ec31a60 JavaThread "Timer-172"                         [_thread_blocked, id=33020, stack(0x000000ba0e500000,0x000000ba0e600000) (1024K)]
  0x000001fa5ec32e10 JavaThread "Timer-173"                         [_thread_blocked, id=33520, stack(0x000000ba0e600000,0x000000ba0e700000) (1024K)]
  0x000001fa5ec35c00 JavaThread "Timer-174"                         [_thread_blocked, id=18664, stack(0x000000ba0e900000,0x000000ba0ea00000) (1024K)]
  0x000001fa5ec32780 JavaThread "Timer-175"                         [_thread_blocked, id=33216, stack(0x000000ba0e700000,0x000000ba0e800000) (1024K)]
  0x000001fa5ec30020 JavaThread "Timer-176"                         [_thread_blocked, id=23216, stack(0x000000ba0e800000,0x000000ba0e900000) (1024K)]
  0x000001fa5ec36290 JavaThread "Timer-177"                         [_thread_blocked, id=25808, stack(0x000000ba0ea00000,0x000000ba0eb00000) (1024K)]
  0x000001fa5ec34ee0 JavaThread "Timer-178"                         [_thread_blocked, id=25524, stack(0x000000ba0ec00000,0x000000ba0ed00000) (1024K)]
  0x000001fa5ec341c0 JavaThread "Timer-179"                         [_thread_blocked, id=21744, stack(0x000000ba0eb00000,0x000000ba0ec00000) (1024K)]
  0x000001fa5ec36920 JavaThread "Timer-180"                         [_thread_blocked, id=17016, stack(0x000000ba0ed00000,0x000000ba0ee00000) (1024K)]
  0x000001fa5ec34850 JavaThread "Timer-181"                         [_thread_blocked, id=26416, stack(0x000000ba0ee00000,0x000000ba0ef00000) (1024K)]
  0x000001fa5ec33b30 JavaThread "Timer-182"                         [_thread_blocked, id=26724, stack(0x000000ba0f100000,0x000000ba0f200000) (1024K)]
  0x000001fa5ec39080 JavaThread "Timer-183"                         [_thread_blocked, id=15580, stack(0x000000ba0f300000,0x000000ba0f400000) (1024K)]
  0x000001fa5ec38360 JavaThread "Timer-184"                         [_thread_blocked, id=23072, stack(0x000000ba0f500000,0x000000ba0f600000) (1024K)]
  0x000001fa5ec37640 JavaThread "Timer-185"                         [_thread_blocked, id=12952, stack(0x000000ba0f600000,0x000000ba0f700000) (1024K)]
  0x000001fa5ec3b150 JavaThread "Timer-186"                         [_thread_blocked, id=27060, stack(0x000000ba0f800000,0x000000ba0f900000) (1024K)]
  0x000001fa5ec3b7e0 JavaThread "Timer-187"                         [_thread_blocked, id=12392, stack(0x000000ba0f700000,0x000000ba0f800000) (1024K)]
  0x000001fa5ec39da0 JavaThread "Timer-188"                         [_thread_blocked, id=20908, stack(0x000000ba0fa00000,0x000000ba0fb00000) (1024K)]
  0x000001fa5ec389f0 JavaThread "Timer-189"                         [_thread_blocked, id=9124, stack(0x000000ba0ef00000,0x000000ba0f000000) (1024K)]
  0x000001fa5ec37cd0 JavaThread "Timer-190"                         [_thread_blocked, id=28884, stack(0x000000ba0f900000,0x000000ba0fa00000) (1024K)]
  0x000001fa5ec39710 JavaThread "Timer-191"                         [_thread_blocked, id=23052, stack(0x000000ba0f400000,0x000000ba0f500000) (1024K)]
  0x000001fa5ec3df40 JavaThread "Timer-192"                         [_thread_blocked, id=8528, stack(0x000000ba0fb00000,0x000000ba0fc00000) (1024K)]
  0x000001fa5ec3be70 JavaThread "Timer-193"                         [_thread_blocked, id=3560, stack(0x000000ba0ff00000,0x000000ba10000000) (1024K)]
  0x000001fa5ec3ec60 JavaThread "Timer-194"                         [_thread_blocked, id=17444, stack(0x000000ba10100000,0x000000ba10200000) (1024K)]
  0x000001fa5ec3aac0 JavaThread "Timer-195"                         [_thread_blocked, id=28496, stack(0x000000ba10000000,0x000000ba10100000) (1024K)]
  0x000001fa4d88e700 JavaThread "Timer-196"                         [_thread_blocked, id=3268, stack(0x000000ba10300000,0x000000ba10400000) (1024K)]
  0x000001fa572d24e0 JavaThread "Timer-197"                         [_thread_blocked, id=20000, stack(0x000000ba10200000,0x000000ba10300000) (1024K)]
  0x000001fa572cfd80 JavaThread "Timer-198"                         [_thread_blocked, id=33292, stack(0x000000ba10400000,0x000000ba10500000) (1024K)]
  0x000001fa572d2b70 JavaThread "Timer-199"                         [_thread_blocked, id=27288, stack(0x000000ba10800000,0x000000ba10900000) (1024K)]
  0x000001fa572cf6f0 JavaThread "Timer-200"                         [_thread_blocked, id=33748, stack(0x000000ba10a00000,0x000000ba10b00000) (1024K)]
  0x000001fa572d52d0 JavaThread "Timer-201"                         [_thread_blocked, id=18492, stack(0x000000ba10b00000,0x000000ba10c00000) (1024K)]
  0x000001fa572d4c40 JavaThread "Timer-202"                         [_thread_blocked, id=17936, stack(0x000000ba10c00000,0x000000ba10d00000) (1024K)]
  0x000001fa572d3890 JavaThread "Timer-203"                         [_thread_blocked, id=25960, stack(0x000000ba10700000,0x000000ba10800000) (1024K)]
  0x000001fa572d3200 JavaThread "Timer-204"                         [_thread_blocked, id=18856, stack(0x000000ba10d00000,0x000000ba10e00000) (1024K)]
  0x000001fa572d0410 JavaThread "Timer-205"                         [_thread_blocked, id=28292, stack(0x000000ba10900000,0x000000ba10a00000) (1024K)]
  0x000001fa572d45b0 JavaThread "Timer-206"                         [_thread_blocked, id=18064, stack(0x000000ba10e00000,0x000000ba10f00000) (1024K)]
  0x000001fa572d17c0 JavaThread "Timer-207"                         [_thread_blocked, id=21040, stack(0x000000ba10f00000,0x000000ba11000000) (1024K)]
  0x000001fa572d80c0 JavaThread "Timer-208"                         [_thread_blocked, id=33008, stack(0x000000ba0e000000,0x000000ba0e100000) (1024K)]
  0x000001fa572d8750 JavaThread "Timer-209"                         [_thread_blocked, id=15416, stack(0x000000ba11100000,0x000000ba11200000) (1024K)]
  0x000001fa572d8de0 JavaThread "Timer-210"                         [_thread_blocked, id=24956, stack(0x000000ba11200000,0x000000ba11300000) (1024K)]
  0x000001fa572d73a0 JavaThread "Timer-211"                         [_thread_blocked, id=27268, stack(0x000000ba11300000,0x000000ba11400000) (1024K)]
  0x000001fa572d7a30 JavaThread "Timer-212"                         [_thread_blocked, id=9928, stack(0x000000ba11500000,0x000000ba11600000) (1024K)]
  0x000001fa572d5ff0 JavaThread "Timer-213"                         [_thread_blocked, id=24732, stack(0x000000ba01300000,0x000000ba01400000) (1024K)]
  0x000001fa572dcf80 JavaThread "Timer-214"                         [_thread_blocked, id=6348, stack(0x000000ba11600000,0x000000ba11700000) (1024K)]
  0x000001fa572d9470 JavaThread "Timer-215"                         [_thread_blocked, id=33624, stack(0x000000ba11400000,0x000000ba11500000) (1024K)]
  0x000001fa572d9b00 JavaThread "Timer-216"                         [_thread_blocked, id=24144, stack(0x000000ba0d900000,0x000000ba0da00000) (1024K)]
  0x000001fa572dd610 JavaThread "Timer-217"                         [_thread_blocked, id=17424, stack(0x000000ba11700000,0x000000ba11800000) (1024K)]
  0x000001fa572ddca0 JavaThread "Timer-218"                         [_thread_blocked, id=28940, stack(0x000000ba11a00000,0x000000ba11b00000) (1024K)]
  0x000001fa572db540 JavaThread "Timer-219"                         [_thread_blocked, id=18824, stack(0x000000ba11b00000,0x000000ba11c00000) (1024K)]
  0x000001fa572dbbd0 JavaThread "Timer-220"                         [_thread_blocked, id=24804, stack(0x000000ba11d00000,0x000000ba11e00000) (1024K)]
  0x000001fa5ec3c500 JavaThread "Timer-221"                         [_thread_blocked, id=33640, stack(0x000000ba00c00000,0x000000ba00d00000) (1024K)]
  0x000001fa5ec3cb90 JavaThread "Timer-222"                         [_thread_blocked, id=28616, stack(0x000000ba0ab00000,0x000000ba0ac00000) (1024K)]
  0x000001fa5ec3d220 JavaThread "Timer-223"                         [_thread_blocked, id=23084, stack(0x000000ba11c00000,0x000000ba11d00000) (1024K)]
  0x000001fa572d0aa0 JavaThread "Timer-224"                         [_thread_blocked, id=496, stack(0x000000ba01400000,0x000000ba01500000) (1024K)]
  0x000001fa572dc8f0 JavaThread "Timer-225"                         [_thread_blocked, id=10520, stack(0x000000ba01500000,0x000000ba01600000) (1024K)]
  0x000001fa572da820 JavaThread "Timer-226"                         [_thread_blocked, id=4556, stack(0x000000ba0b600000,0x000000ba0b700000) (1024K)]
  0x000001fa572de330 JavaThread "Timer-227"                         [_thread_blocked, id=26356, stack(0x000000ba0c600000,0x000000ba0c700000) (1024K)]
  0x000001fa572daeb0 JavaThread "Timer-228"                         [_thread_blocked, id=25360, stack(0x000000ba0d200000,0x000000ba0d300000) (1024K)]
  0x000001fa4d88ed90 JavaThread "Timer-229"                         [_thread_blocked, id=6188, stack(0x000000ba0f000000,0x000000ba0f100000) (1024K)]
  0x000001fa4d88e070 JavaThread "Timer-230"                         [_thread_blocked, id=20736, stack(0x000000ba0fd00000,0x000000ba0fe00000) (1024K)]
  0x000001fa5ec36fb0 JavaThread "Timer-231"                         [_thread_blocked, id=21740, stack(0x000000ba0f200000,0x000000ba0f300000) (1024K)]
  0x000001fa5ec3e5d0 JavaThread "Timer-232"                         [_thread_blocked, id=10116, stack(0x000000ba01200000,0x000000ba01300000) (1024K)]
  0x000001fa5ec3f2f0 JavaThread "Timer-233"                         [_thread_blocked, id=21724, stack(0x000000ba0a200000,0x000000ba0a300000) (1024K)]
  0x000001fa572d1130 JavaThread "Timer-234"                         [_thread_blocked, id=29564, stack(0x000000ba10600000,0x000000ba10700000) (1024K)]
  0x000001fa572d1e50 JavaThread "Timer-235"                         [_thread_blocked, id=9964, stack(0x000000ba10500000,0x000000ba10600000) (1024K)]
  0x000001fa572d5960 JavaThread "Timer-236"                         [_thread_blocked, id=20800, stack(0x000000ba00b00000,0x000000ba00c00000) (1024K)]
  0x000001fa572d6680 JavaThread "Timer-237"                         [_thread_blocked, id=9292, stack(0x000000ba11000000,0x000000ba11100000) (1024K)]
  0x000001fa4eec2d20 JavaThread "Timer-238"                         [_thread_blocked, id=10820, stack(0x000000ba11f00000,0x000000ba12000000) (1024K)]
  0x000001fa4eec8900 JavaThread "Timer-239"                         [_thread_blocked, id=19028, stack(0x000000ba11900000,0x000000ba11a00000) (1024K)]
  0x000001fa4d8914f0 JavaThread "Timer-240"                         [_thread_blocked, id=12700, stack(0x000000ba11e00000,0x000000ba11f00000) (1024K)]
  0x000001fa4d88f420 JavaThread "Timer-241"                         [_thread_blocked, id=29708, stack(0x000000ba12000000,0x000000ba12100000) (1024K)]
  0x000001fa572d6d10 JavaThread "Timer-242"                         [_thread_blocked, id=2992, stack(0x000000ba12100000,0x000000ba12200000) (1024K)]
  0x000001fa572de9c0 JavaThread "Timer-243"                         [_thread_blocked, id=31552, stack(0x000000ba12200000,0x000000ba12300000) (1024K)]
  0x000001fa4eec4760 JavaThread "Timer-244"                         [_thread_blocked, id=21496, stack(0x000000ba11800000,0x000000ba11900000) (1024K)]
  0x000001fa57881780 JavaThread "Timer-245"                         [_thread_blocked, id=27124, stack(0x000000ba12300000,0x000000ba12400000) (1024K)]
  0x000001fa5787e990 JavaThread "Timer-246"                         [_thread_blocked, id=32708, stack(0x000000ba12500000,0x000000ba12600000) (1024K)]
  0x000001fa4eec9cb0 JavaThread "Timer-247"                         [_thread_blocked, id=32680, stack(0x000000ba12400000,0x000000ba12500000) (1024K)]
  0x000001fa61320940 JavaThread "Timer-248"                         [_thread_blocked, id=27712, stack(0x000000ba12700000,0x000000ba12800000) (1024K)]
  0x000001fa61320fd0 JavaThread "Timer-249"                         [_thread_blocked, id=28612, stack(0x000000ba12800000,0x000000ba12900000) (1024K)]
  0x000001fa61323730 JavaThread "Timer-250"                         [_thread_blocked, id=5764, stack(0x000000ba12a00000,0x000000ba12b00000) (1024K)]
  0x000001fa61322380 JavaThread "Timer-251"                         [_thread_blocked, id=26504, stack(0x000000ba12600000,0x000000ba12700000) (1024K)]
  0x000001fa613202b0 JavaThread "Timer-252"                         [_thread_blocked, id=11428, stack(0x000000ba12b00000,0x000000ba12c00000) (1024K)]
  0x000001fa61324ae0 JavaThread "Timer-253"                         [_thread_blocked, id=17952, stack(0x000000ba12900000,0x000000ba12a00000) (1024K)]
  0x000001fa61322a10 JavaThread "Timer-254"                         [_thread_blocked, id=9836, stack(0x000000ba12c00000,0x000000ba12d00000) (1024K)]
  0x000001fa61321cf0 JavaThread "Timer-255"                         [_thread_blocked, id=6196, stack(0x000000ba13100000,0x000000ba13200000) (1024K)]
  0x000001fa6131fc20 JavaThread "Timer-256"                         [_thread_blocked, id=18728, stack(0x000000ba0fc00000,0x000000ba0fd00000) (1024K)]
  0x000001fa61324450 JavaThread "Timer-257"                         [_thread_blocked, id=6048, stack(0x000000ba0fe00000,0x000000ba0ff00000) (1024K)]
  0x000001fa61321660 JavaThread "Timer-258"                         [_thread_blocked, id=30412, stack(0x000000ba12f00000,0x000000ba13000000) (1024K)]
  0x000001fa61325e90 JavaThread "Timer-259"                         [_thread_blocked, id=32776, stack(0x000000ba13000000,0x000000ba13100000) (1024K)]
  0x000001fa61326520 JavaThread "Timer-260"                         [_thread_blocked, id=14540, stack(0x000000ba13300000,0x000000ba13400000) (1024K)]
  0x000001fa61326bb0 JavaThread "Timer-261"                         [_thread_blocked, id=25936, stack(0x000000ba13200000,0x000000ba13300000) (1024K)]
  0x000001fa61325170 JavaThread "Timer-262"                         [_thread_blocked, id=26552, stack(0x000000ba13400000,0x000000ba13500000) (1024K)]
  0x000001fa61327f60 JavaThread "Timer-263"                         [_thread_blocked, id=28368, stack(0x000000ba13500000,0x000000ba13600000) (1024K)]
  0x000001fa61323dc0 JavaThread "Timer-264"                         [_thread_blocked, id=18004, stack(0x000000ba12e00000,0x000000ba12f00000) (1024K)]
  0x000001fa613278d0 JavaThread "Timer-265"                         [_thread_blocked, id=15348, stack(0x000000ba13600000,0x000000ba13700000) (1024K)]
  0x000001fa61328c80 JavaThread "Timer-266"                         [_thread_blocked, id=26808, stack(0x000000ba13700000,0x000000ba13800000) (1024K)]
  0x000001fa613285f0 JavaThread "Timer-267"                         [_thread_blocked, id=18464, stack(0x000000ba13800000,0x000000ba13900000) (1024K)]
  0x000001fa61327240 JavaThread "Timer-268"                         [_thread_blocked, id=21928, stack(0x000000ba12d00000,0x000000ba12e00000) (1024K)]
  0x000001fa61325800 JavaThread "Timer-269"                         [_thread_blocked, id=14124, stack(0x000000ba13900000,0x000000ba13a00000) (1024K)]
  0x000001fa6132ba70 JavaThread "Timer-270"                         [_thread_blocked, id=32884, stack(0x000000ba13a00000,0x000000ba13b00000) (1024K)]
  0x000001fa6132c790 JavaThread "Timer-271"                         [_thread_blocked, id=31136, stack(0x000000ba13b00000,0x000000ba13c00000) (1024K)]
  0x000001fa6132c100 JavaThread "Timer-272"                         [_thread_blocked, id=19536, stack(0x000000ba13e00000,0x000000ba13f00000) (1024K)]
  0x000001fa61329310 JavaThread "Timer-273"                         [_thread_blocked, id=26768, stack(0x000000ba13f00000,0x000000ba14000000) (1024K)]
  0x000001fa6132a030 JavaThread "Timer-274"                         [_thread_blocked, id=15736, stack(0x000000ba14100000,0x000000ba14200000) (1024K)]
  0x000001fa6132b3e0 JavaThread "Timer-275"                         [_thread_blocked, id=16176, stack(0x000000ba13c00000,0x000000ba13d00000) (1024K)]
  0x000001fa6132a6c0 JavaThread "Timer-276"                         [_thread_blocked, id=24684, stack(0x000000ba14200000,0x000000ba14300000) (1024K)]
  0x000001fa6132ad50 JavaThread "Timer-277"                         [_thread_blocked, id=1556, stack(0x000000ba14000000,0x000000ba14100000) (1024K)]
  0x000001fa6132ce20 JavaThread "Timer-278"                         [_thread_blocked, id=18640, stack(0x000000ba14300000,0x000000ba14400000) (1024K)]
  0x000001fa613299a0 JavaThread "Timer-279"                         [_thread_blocked, id=14180, stack(0x000000ba14400000,0x000000ba14500000) (1024K)]
  0x000001fa6132d4b0 JavaThread "Timer-280"                         [_thread_blocked, id=23388, stack(0x000000ba13d00000,0x000000ba13e00000) (1024K)]
  0x000001fa613302a0 JavaThread "Timer-281"                         [_thread_blocked, id=12260, stack(0x000000ba14500000,0x000000ba14600000) (1024K)]
  0x000001fa6132e860 JavaThread "Timer-282"                         [_thread_blocked, id=12836, stack(0x000000ba14700000,0x000000ba14800000) (1024K)]
  0x000001fa61330fc0 JavaThread "Timer-283"                         [_thread_blocked, id=28164, stack(0x000000ba14800000,0x000000ba14900000) (1024K)]
  0x000001fa6132eef0 JavaThread "Timer-284"                         [_thread_blocked, id=10880, stack(0x000000ba14b00000,0x000000ba14c00000) (1024K)]
  0x000001fa6132f580 JavaThread "Worker-47: Initialize workspace"        [_thread_blocked, id=19484, stack(0x000000ba14900000,0x000000ba14a00000) (1024K)]
  0x000001fa6132fc10 JavaThread "Timer-285"                         [_thread_blocked, id=33368, stack(0x000000ba14600000,0x000000ba14700000) (1024K)]
  0x000001fa6132db40 JavaThread "Timer-286"                         [_thread_blocked, id=21124, stack(0x000000ba14c00000,0x000000ba14d00000) (1024K)]
  0x000001fa61333db0 JavaThread "Timer-287"                         [_thread_blocked, id=15636, stack(0x000000ba14a00000,0x000000ba14b00000) (1024K)]
  0x000001fa61331650 JavaThread "Worker-48: Initialize workspace"        [_thread_blocked, id=32308, stack(0x000000ba14d00000,0x000000ba14e00000) (1024K)]
  0x000001fa61331ce0 JavaThread "Timer-288"                         [_thread_blocked, id=18936, stack(0x000000ba14f00000,0x000000ba15000000) (1024K)]
  0x000001fa61332370 JavaThread "Timer-289"                         [_thread_blocked, id=21948, stack(0x000000ba15100000,0x000000ba15200000) (1024K)]
  0x000001fa61335e80 JavaThread "Timer-290"                         [_thread_blocked, id=25492, stack(0x000000ba15300000,0x000000ba15400000) (1024K)]
  0x000001fa61333720 JavaThread "Timer-291"                         [_thread_blocked, id=11644, stack(0x000000ba15200000,0x000000ba15300000) (1024K)]
  0x000001fa61330930 JavaThread "Timer-292"                         [_thread_blocked, id=21104, stack(0x000000ba15500000,0x000000ba15600000) (1024K)]
  0x000001fa613357f0 JavaThread "Timer-293"                         [_thread_blocked, id=19332, stack(0x000000ba15400000,0x000000ba15500000) (1024K)]
  0x000001fa61332a00 JavaThread "Timer-294"                         [_thread_blocked, id=22716, stack(0x000000ba15600000,0x000000ba15700000) (1024K)]
  0x000001fa61333090 JavaThread "Timer-295"                         [_thread_blocked, id=1720, stack(0x000000ba15700000,0x000000ba15800000) (1024K)]
  0x000001fa61336510 JavaThread "Timer-296"                         [_thread_blocked, id=22464, stack(0x000000ba15800000,0x000000ba15900000) (1024K)]
  0x000001fa61337230 JavaThread "Timer-297"                         [_thread_blocked, id=9784, stack(0x000000ba15900000,0x000000ba15a00000) (1024K)]
  0x000001fa61336ba0 JavaThread "Timer-298"                         [_thread_blocked, id=32500, stack(0x000000ba15b00000,0x000000ba15c00000) (1024K)]
  0x000001fa61334440 JavaThread "Timer-299"                         [_thread_blocked, id=10432, stack(0x000000ba15a00000,0x000000ba15b00000) (1024K)]
  0x000001fa61337f50 JavaThread "Timer-300"                         [_thread_blocked, id=17772, stack(0x000000ba15c00000,0x000000ba15d00000) (1024K)]
  0x000001fa61338c70 JavaThread "Worker-49: Initialize workspace"        [_thread_blocked, id=25612, stack(0x000000ba15f00000,0x000000ba16000000) (1024K)]
  0x000001fa613378c0 JavaThread "Timer-301"                         [_thread_blocked, id=28712, stack(0x000000ba15d00000,0x000000ba15e00000) (1024K)]
  0x000001fa61334ad0 JavaThread "Timer-302"                         [_thread_blocked, id=8992, stack(0x000000ba16000000,0x000000ba16100000) (1024K)]
  0x000001fa61339300 JavaThread "Timer-303"                         [_thread_blocked, id=23564, stack(0x000000ba15e00000,0x000000ba15f00000) (1024K)]
  0x000001fa6133a6b0 JavaThread "Worker-50: Initialize workspace"        [_thread_blocked, id=26116, stack(0x000000ba16300000,0x000000ba16400000) (1024K)]
  0x000001fa613385e0 JavaThread "Timer-304"                         [_thread_blocked, id=29212, stack(0x000000ba16100000,0x000000ba16200000) (1024K)]
  0x000001fa61339990 JavaThread "Timer-305"                         [_thread_blocked, id=20640, stack(0x000000ba16200000,0x000000ba16300000) (1024K)]
  0x000001fa6133ad40 JavaThread "Timer-306"                         [_thread_blocked, id=22312, stack(0x000000ba16500000,0x000000ba16600000) (1024K)]
  0x000001fa6133b3d0 JavaThread "Timer-307"                         [_thread_blocked, id=24212, stack(0x000000ba16400000,0x000000ba16500000) (1024K)]
  0x000001fa6133c0f0 JavaThread "Timer-308"                         [_thread_blocked, id=31924, stack(0x000000ba16600000,0x000000ba16700000) (1024K)]
  0x000001fa6133ce10 JavaThread "Timer-309"                         [_thread_blocked, id=26368, stack(0x000000ba16700000,0x000000ba16800000) (1024K)]
  0x000001fa6133d4a0 JavaThread "Timer-310"                         [_thread_blocked, id=33152, stack(0x000000ba16800000,0x000000ba16900000) (1024K)]
  0x000001fa6133ba60 JavaThread "Timer-311"                         [_thread_blocked, id=28508, stack(0x000000ba16900000,0x000000ba16a00000) (1024K)]
  0x000001fa6133db30 JavaThread "Worker-51: Initialize workspace"        [_thread_blocked, id=24724, stack(0x000000ba16c00000,0x000000ba16d00000) (1024K)]
  0x000001fa6133a020 JavaThread "Timer-312"                         [_thread_blocked, id=19664, stack(0x000000ba16a00000,0x000000ba16b00000) (1024K)]
  0x000001fa6133e1c0 JavaThread "Timer-313"                         [_thread_blocked, id=21024, stack(0x000000ba16b00000,0x000000ba16c00000) (1024K)]
  0x000001fa6133c780 JavaThread "Timer-314"                         [_thread_blocked, id=9276, stack(0x000000ba16e00000,0x000000ba16f00000) (1024K)]
  0x000001fa6133eee0 JavaThread "Timer-315"                         [_thread_blocked, id=13624, stack(0x000000ba16d00000,0x000000ba16e00000) (1024K)]
  0x000001fa572dc260 JavaThread "Timer-316"                         [_thread_blocked, id=26068, stack(0x000000ba17000000,0x000000ba17100000) (1024K)]
  0x000001fa5ec3d8b0 JavaThread "Timer-317"                         [_thread_blocked, id=29456, stack(0x000000ba16f00000,0x000000ba17000000) (1024K)]
  0x000001fa4d8907d0 JavaThread "Timer-318"                         [_thread_blocked, id=31848, stack(0x000000ba17300000,0x000000ba17400000) (1024K)]
  0x000001fa6133e850 JavaThread "Timer-319"                         [_thread_blocked, id=27976, stack(0x000000ba17100000,0x000000ba17200000) (1024K)]
  0x000001fa613512d0 JavaThread "Timer-320"                         [_thread_blocked, id=20432, stack(0x000000ba17200000,0x000000ba17300000) (1024K)]
  0x000001fa61352680 JavaThread "Timer-321"                         [_thread_blocked, id=31480, stack(0x000000ba17400000,0x000000ba17500000) (1024K)]
  0x000001fa61350c40 JavaThread "Timer-322"                         [_thread_blocked, id=30136, stack(0x000000ba17600000,0x000000ba17700000) (1024K)]
  0x000001fa6134f200 JavaThread "Timer-323"                         [_thread_blocked, id=33596, stack(0x000000ba17500000,0x000000ba17600000) (1024K)]
  0x000001fa613533a0 JavaThread "Timer-324"                         [_thread_blocked, id=25724, stack(0x000000ba17800000,0x000000ba17900000) (1024K)]
  0x000001fa6134ff20 JavaThread "Timer-325"                         [_thread_blocked, id=23876, stack(0x000000ba14e00000,0x000000ba14f00000) (1024K)]
  0x000001fa61352d10 JavaThread "Timer-326"                         [_thread_blocked, id=26824, stack(0x000000ba17900000,0x000000ba17a00000) (1024K)]
  0x000001fa61351960 JavaThread "Timer-327"                         [_thread_blocked, id=13060, stack(0x000000ba17700000,0x000000ba17800000) (1024K)]
  0x000001fa61353a30 JavaThread "Timer-328"                         [_thread_blocked, id=26316, stack(0x000000ba17a00000,0x000000ba17b00000) (1024K)]
  0x000001fa613505b0 JavaThread "Timer-329"                         [_thread_blocked, id=5236, stack(0x000000ba17b00000,0x000000ba17c00000) (1024K)]
  0x000001fa61357540 JavaThread "Timer-330"                         [_thread_blocked, id=284, stack(0x000000ba17d00000,0x000000ba17e00000) (1024K)]
  0x000001fa613540c0 JavaThread "Timer-331"                         [_thread_blocked, id=13788, stack(0x000000ba17c00000,0x000000ba17d00000) (1024K)]
  0x000001fa61356820 JavaThread "Timer-332"                         [_thread_blocked, id=26732, stack(0x000000ba17f00000,0x000000ba18000000) (1024K)]
  0x000001fa61358260 JavaThread "Worker-53: Initialize workspace"        [_thread_blocked, id=33288, stack(0x000000ba18100000,0x000000ba18200000) (1024K)]
  0x000001fa61356eb0 JavaThread "Timer-333"                         [_thread_blocked, id=29424, stack(0x000000ba17e00000,0x000000ba17f00000) (1024K)]
  0x000001fa61357bd0 JavaThread "Timer-334"                         [_thread_blocked, id=27376, stack(0x000000ba18200000,0x000000ba18300000) (1024K)]
  0x000001fa61354750 JavaThread "Timer-335"                         [_thread_blocked, id=16576, stack(0x000000ba18000000,0x000000ba18100000) (1024K)]
  0x000001fa61354de0 JavaThread "Timer-336"                         [_thread_blocked, id=5180, stack(0x000000ba18300000,0x000000ba18400000) (1024K)]
  0x000001fa613588f0 JavaThread "Timer-337"                         [_thread_blocked, id=32296, stack(0x000000ba18400000,0x000000ba18500000) (1024K)]
  0x000001fa61355470 JavaThread "Timer-338"                         [_thread_blocked, id=27640, stack(0x000000ba18500000,0x000000ba18600000) (1024K)]
  0x000001fa61356190 JavaThread "Timer-339"                         [_thread_blocked, id=24384, stack(0x000000ba18600000,0x000000ba18700000) (1024K)]
  0x000001fa61355b00 JavaThread "Timer-340"                         [_thread_blocked, id=13548, stack(0x000000ba18800000,0x000000ba18900000) (1024K)]
  0x000001fa6135bd70 JavaThread "Worker-54: Initialize workspace"        [_thread_blocked, id=31180, stack(0x000000ba18a00000,0x000000ba18b00000) (1024K)]
  0x000001fa6135b050 JavaThread "Timer-341"                         [_thread_blocked, id=4964, stack(0x000000ba18700000,0x000000ba18800000) (1024K)]
  0x000001fa61359610 JavaThread "Timer-342"                         [_thread_blocked, id=22736, stack(0x000000ba18900000,0x000000ba18a00000) (1024K)]
  0x000001fa61359ca0 JavaThread "Timer-343"                         [_thread_blocked, id=30748, stack(0x000000ba18b00000,0x000000ba18c00000) (1024K)]
  0x000001fa6135b6e0 JavaThread "Timer-344"                         [_thread_blocked, id=20712, stack(0x000000ba18c00000,0x000000ba18d00000) (1024K)]
  0x000001fa6135c400 JavaThread "Timer-345"                         [_thread_blocked, id=19324, stack(0x000000ba18d00000,0x000000ba18e00000) (1024K)]
  0x000001fa6135a330 JavaThread "Timer-346"                         [_thread_blocked, id=13872, stack(0x000000ba18e00000,0x000000ba18f00000) (1024K)]
  0x000001fa61358f80 JavaThread "Timer-347"                         [_thread_blocked, id=9428, stack(0x000000ba18f00000,0x000000ba19000000) (1024K)]
  0x000001fa6135ca90 JavaThread "Timer-348"                         [_thread_blocked, id=31492, stack(0x000000ba19100000,0x000000ba19200000) (1024K)]
  0x000001fa6135de40 JavaThread "Worker-55: Initialize workspace"        [_thread_blocked, id=25128, stack(0x000000ba19300000,0x000000ba19400000) (1024K)]
  0x000001fa6135d120 JavaThread "Timer-349"                         [_thread_blocked, id=18580, stack(0x000000ba19000000,0x000000ba19100000) (1024K)]
  0x000001fa6135a9c0 JavaThread "Timer-350"                         [_thread_blocked, id=32464, stack(0x000000ba19200000,0x000000ba19300000) (1024K)]
  0x000001fa6135d7b0 JavaThread "Timer-351"                         [_thread_blocked, id=6976, stack(0x000000ba19400000,0x000000ba19500000) (1024K)]
  0x000001fa6132e1d0 JavaThread "Timer-352"                         [_thread_blocked, id=22772, stack(0x000000ba19500000,0x000000ba19600000) (1024K)]
  0x000001fa61335160 JavaThread "Timer-353"                         [_thread_blocked, id=15808, stack(0x000000ba19600000,0x000000ba19700000) (1024K)]
  0x000001fa6135e4d0 JavaThread "Timer-354"                         [_thread_blocked, id=10376, stack(0x000000ba19800000,0x000000ba19900000) (1024K)]
  0x000001fa6134f890 JavaThread "Timer-355"                         [_thread_blocked, id=27988, stack(0x000000ba19700000,0x000000ba19800000) (1024K)]
  0x000001fa627d8e40 JavaThread "Timer-356"                         [_thread_blocked, id=7772, stack(0x000000ba19a00000,0x000000ba19b00000) (1024K)]
  0x000001fa627d94d0 JavaThread "Worker-56: Initialize workspace"        [_thread_blocked, id=28284, stack(0x000000ba19c00000,0x000000ba19d00000) (1024K)]
  0x000001fa627d9b60 JavaThread "Timer-357"                         [_thread_blocked, id=20660, stack(0x000000ba19900000,0x000000ba19a00000) (1024K)]
  0x000001fa627da1f0 JavaThread "Timer-358"                         [_thread_blocked, id=19252, stack(0x000000ba19d00000,0x000000ba19e00000) (1024K)]
  0x000001fa627d87b0 JavaThread "Timer-359"                         [_thread_blocked, id=20532, stack(0x000000ba19b00000,0x000000ba19c00000) (1024K)]
  0x000001fa627d8120 JavaThread "Timer-360"                         [_thread_blocked, id=32364, stack(0x000000ba19e00000,0x000000ba19f00000) (1024K)]
  0x000001fa627d7a90 JavaThread "Timer-361"                         [_thread_blocked, id=29292, stack(0x000000ba19f00000,0x000000ba1a000000) (1024K)]
  0x000001fa627d7400 JavaThread "Timer-362"                         [_thread_blocked, id=16996, stack(0x000000ba1a100000,0x000000ba1a200000) (1024K)]
  0x000001fa627dc2c0 JavaThread "Timer-363"                         [_thread_blocked, id=5388, stack(0x000000ba1a000000,0x000000ba1a100000) (1024K)]
  0x000001fa627daf10 JavaThread "Timer-364"                         [_thread_blocked, id=14608, stack(0x000000ba1a300000,0x000000ba1a400000) (1024K)]
  0x000001fa627bea40 JavaThread "Worker-57: Initialize workspace"        [_thread_blocked, id=8936, stack(0x000000ba1a500000,0x000000ba1a600000) (1024K)]
  0x000001fa627dbc30 JavaThread "Timer-365"                         [_thread_blocked, id=12624, stack(0x000000ba1a200000,0x000000ba1a300000) (1024K)]
  0x000001fa627db5a0 JavaThread "Timer-366"                         [_thread_blocked, id=24148, stack(0x000000ba1a600000,0x000000ba1a700000) (1024K)]
  0x000001fa627bd690 JavaThread "Timer-367"                         [_thread_blocked, id=3708, stack(0x000000ba1a400000,0x000000ba1a500000) (1024K)]
  0x000001fa627be3b0 JavaThread "Timer-368"                         [_thread_blocked, id=32952, stack(0x000000ba1a700000,0x000000ba1a800000) (1024K)]
  0x000001fa627bd000 JavaThread "Timer-369"                         [_thread_blocked, id=29968, stack(0x000000ba1a800000,0x000000ba1a900000) (1024K)]
  0x000001fa627bf0d0 JavaThread "Timer-370"                         [_thread_blocked, id=8320, stack(0x000000ba1aa00000,0x000000ba1ab00000) (1024K)]
  0x000001fa627bf760 JavaThread "Timer-371"                         [_thread_blocked, id=28880, stack(0x000000ba1a900000,0x000000ba1aa00000) (1024K)]
  0x000001fa627c11a0 JavaThread "Timer-372"                         [_thread_blocked, id=22580, stack(0x000000ba1ac00000,0x000000ba1ad00000) (1024K)]
  0x000001fa627c0480 JavaThread "Timer-373"                         [_thread_blocked, id=256, stack(0x000000ba1ab00000,0x000000ba1ac00000) (1024K)]
  0x000001fa627bdd20 JavaThread "Timer-374"                         [_thread_blocked, id=27480, stack(0x000000ba1ad00000,0x000000ba1ae00000) (1024K)]
  0x000001fa627c1830 JavaThread "Timer-375"                         [_thread_blocked, id=19216, stack(0x000000ba1af00000,0x000000ba1b000000) (1024K)]
  0x000001fa627c2be0 JavaThread "Timer-376"                         [_thread_blocked, id=25652, stack(0x000000ba1b000000,0x000000ba1b100000) (1024K)]
  0x000001fa627c1ec0 JavaThread "Timer-377"                         [_thread_blocked, id=18684, stack(0x000000ba1b100000,0x000000ba1b200000) (1024K)]
  0x000001fa627c3f90 JavaThread "Timer-378"                         [_thread_blocked, id=30532, stack(0x000000ba1b200000,0x000000ba1b300000) (1024K)]
  0x000001fa627c2550 JavaThread "Timer-379"                         [_thread_blocked, id=25508, stack(0x000000ba1b300000,0x000000ba1b400000) (1024K)]
  0x000001fa627c6060 JavaThread "Timer-380"                         [_thread_blocked, id=25816, stack(0x000000ba1b600000,0x000000ba1b700000) (1024K)]
  0x000001fa627c3270 JavaThread "Timer-381"                         [_thread_blocked, id=22896, stack(0x000000ba1b400000,0x000000ba1b500000) (1024K)]
  0x000001fa627c0b10 JavaThread "Timer-382"                         [_thread_blocked, id=19752, stack(0x000000ba1b500000,0x000000ba1b600000) (1024K)]
  0x000001fa627c4620 JavaThread "Timer-383"                         [_thread_blocked, id=5776, stack(0x000000ba1b700000,0x000000ba1b800000) (1024K)]
  0x000001fa627c7aa0 JavaThread "Timer-384"                         [_thread_blocked, id=25696, stack(0x000000ba1b800000,0x000000ba1b900000) (1024K)]
  0x000001fa627c8130 JavaThread "Timer-385"                         [_thread_blocked, id=11564, stack(0x000000ba1b900000,0x000000ba1ba00000) (1024K)]
  0x000001fa627c5340 JavaThread "Timer-386"                         [_thread_blocked, id=5224, stack(0x000000ba1ba00000,0x000000ba1bb00000) (1024K)]
  0x000001fa627c6d80 JavaThread "Timer-387"                         [_thread_blocked, id=26248, stack(0x000000ba1bb00000,0x000000ba1bc00000) (1024K)]
  0x000001fa627c4cb0 JavaThread "Timer-388"                         [_thread_blocked, id=11464, stack(0x000000ba1bd00000,0x000000ba1be00000) (1024K)]
  0x000001fa627c8e50 JavaThread "Worker-66: Initialize workspace"        [_thread_blocked, id=10248, stack(0x000000ba1c000000,0x000000ba1c100000) (1024K)]
  0x000001fa627bfdf0 JavaThread "Timer-389"                         [_thread_blocked, id=16100, stack(0x000000ba1ae00000,0x000000ba1af00000) (1024K)]
  0x000001fa627c9b70 JavaThread "Timer-390"                         [_thread_blocked, id=15040, stack(0x000000ba1be00000,0x000000ba1bf00000) (1024K)]
  0x000001fa627c87c0 JavaThread "Timer-391"                         [_thread_blocked, id=3368, stack(0x000000ba1bc00000,0x000000ba1bd00000) (1024K)]
  0x000001fa627c7410 JavaThread "Timer-392"                         [_thread_blocked, id=25732, stack(0x000000ba1bf00000,0x000000ba1c000000) (1024K)]
  0x000001fa627c59d0 JavaThread "Timer-393"                         [_thread_blocked, id=25708, stack(0x000000ba1c100000,0x000000ba1c200000) (1024K)]
  0x000001fa627ca200 JavaThread "Timer-394"                         [_thread_blocked, id=24344, stack(0x000000ba1c300000,0x000000ba1c400000) (1024K)]
  0x000001fa627ca890 JavaThread "Timer-395"                         [_thread_blocked, id=9308, stack(0x000000ba1c200000,0x000000ba1c300000) (1024K)]
  0x000001fa627caf20 JavaThread "Timer-396"                         [_thread_blocked, id=32572, stack(0x000000ba1c500000,0x000000ba1c600000) (1024K)]
  0x000001fa627cb5b0 JavaThread "Timer-397"                         [_thread_blocked, id=9840, stack(0x000000ba1c400000,0x000000ba1c500000) (1024K)]
  0x000001fa627cc2d0 JavaThread "Timer-398"                         [_thread_blocked, id=13036, stack(0x000000ba1c600000,0x000000ba1c700000) (1024K)]
  0x000001fa627c94e0 JavaThread "Timer-399"                         [_thread_blocked, id=13832, stack(0x000000ba1c900000,0x000000ba1ca00000) (1024K)]
  0x000001fa627c66f0 JavaThread "Worker-88: Initialize workspace"        [_thread_blocked, id=25276, stack(0x000000ba15000000,0x000000ba15100000) (1024K)]
  0x000001fa627cbc40 JavaThread "Timer-400"                         [_thread_blocked, id=6276, stack(0x000000ba1c800000,0x000000ba1c900000) (1024K)]
  0x000001fa627cc960 JavaThread "Timer-401"                         [_thread_blocked, id=13176, stack(0x000000ba1ca00000,0x000000ba1cb00000) (1024K)]
  0x000001fa627cd680 JavaThread "Timer-402"                         [_thread_blocked, id=3976, stack(0x000000ba1cb00000,0x000000ba1cc00000) (1024K)]
  0x000001fa627d0470 JavaThread "Timer-403"                         [_thread_blocked, id=17184, stack(0x000000ba1cc00000,0x000000ba1cd00000) (1024K)]
  0x000001fa627d0b00 JavaThread "Timer-404"                         [_thread_blocked, id=15000, stack(0x000000ba1ce00000,0x000000ba1cf00000) (1024K)]
  0x000001fa627d1190 JavaThread "Timer-405"                         [_thread_blocked, id=10456, stack(0x000000ba1cd00000,0x000000ba1ce00000) (1024K)]
  0x000001fa627d1820 JavaThread "Timer-406"                         [_thread_blocked, id=11672, stack(0x000000ba1d000000,0x000000ba1d100000) (1024K)]
  0x000001fa627cf750 JavaThread "Timer-407"                         [_thread_blocked, id=19764, stack(0x000000ba1d200000,0x000000ba1d300000) (1024K)]
  0x000001fa627cdd10 JavaThread "Worker-108: Initialize workspace"        [_thread_blocked, id=24216, stack(0x000000ba1c700000,0x000000ba1c800000) (1024K)]
  0x000001fa627ccff0 JavaThread "Timer-408"                         [_thread_blocked, id=26048, stack(0x000000ba1d100000,0x000000ba1d200000) (1024K)]
  0x000001fa627ce3a0 JavaThread "Timer-409"                         [_thread_blocked, id=13444, stack(0x000000ba1d300000,0x000000ba1d400000) (1024K)]
  0x000001fa627d1eb0 JavaThread "Timer-410"                         [_thread_blocked, id=2164, stack(0x000000ba1d400000,0x000000ba1d500000) (1024K)]
  0x000001fa627cea30 JavaThread "Timer-411"                         [_thread_blocked, id=7120, stack(0x000000ba1d500000,0x000000ba1d600000) (1024K)]
  0x000001fa627d2540 JavaThread "Timer-412"                         [_thread_blocked, id=14000, stack(0x000000ba1d700000,0x000000ba1d800000) (1024K)]
  0x000001fa627cf0c0 JavaThread "Timer-413"                         [_thread_blocked, id=13424, stack(0x000000ba1d600000,0x000000ba1d700000) (1024K)]
  0x000001fa627d6050 JavaThread "Timer-414"                         [_thread_blocked, id=1704, stack(0x000000ba1d900000,0x000000ba1da00000) (1024K)]
  0x000001fa627d5330 JavaThread "Timer-415"                         [_thread_blocked, id=20476, stack(0x000000ba1db00000,0x000000ba1dc00000) (1024K)]
  0x000001fa627d2bd0 JavaThread "Worker-129: Initialize workspace"        [_thread_blocked, id=28248, stack(0x000000ba1cf00000,0x000000ba1d000000) (1024K)]
  0x000001fa627cfde0 JavaThread "Timer-416"                         [_thread_blocked, id=16776, stack(0x000000ba1da00000,0x000000ba1db00000) (1024K)]
  0x000001fa627d6d70 JavaThread "Timer-417"                         [_thread_blocked, id=21044, stack(0x000000ba1dc00000,0x000000ba1dd00000) (1024K)]
  0x000001fa627d59c0 JavaThread "Timer-418"                         [_thread_blocked, id=27064, stack(0x000000ba1e000000,0x000000ba1e100000) (1024K)]
  0x000001fa627d4ca0 JavaThread "Timer-419"                         [_thread_blocked, id=18928, stack(0x000000ba1dd00000,0x000000ba1de00000) (1024K)]
  0x000001fa627d4610 JavaThread "Timer-420"                         [_thread_blocked, id=15544, stack(0x000000ba1e100000,0x000000ba1e200000) (1024K)]
  0x000001fa627d66e0 JavaThread "Timer-421"                         [_thread_blocked, id=14404, stack(0x000000ba1e200000,0x000000ba1e300000) (1024K)]
  0x000001fa627d3f80 JavaThread "Timer-422"                         [_thread_blocked, id=31072, stack(0x000000ba1e300000,0x000000ba1e400000) (1024K)]
  0x000001fa613230a0 JavaThread "Timer-423"                         [_thread_blocked, id=19648, stack(0x000000ba1e600000,0x000000ba1e700000) (1024K)]
  0x000001fa627d3260 JavaThread "Worker-150: Initialize workspace"        [_thread_blocked, id=9984, stack(0x000000ba1d800000,0x000000ba1d900000) (1024K)]
  0x000001fa627d38f0 JavaThread "Timer-424"                         [_thread_blocked, id=18356, stack(0x000000ba1e500000,0x000000ba1e600000) (1024K)]
  0x000001fa61351ff0 JavaThread "Timer-425"                         [_thread_blocked, id=18216, stack(0x000000ba1e700000,0x000000ba1e800000) (1024K)]
  0x000001fa62406e50 JavaThread "Timer-426"                         [_thread_blocked, id=31508, stack(0x000000ba1e900000,0x000000ba1ea00000) (1024K)]
  0x000001fa624074e0 JavaThread "Timer-427"                         [_thread_blocked, id=27688, stack(0x000000ba1e800000,0x000000ba1e900000) (1024K)]
  0x000001fa62404060 JavaThread "Timer-428"                         [_thread_blocked, id=9556, stack(0x000000ba1eb00000,0x000000ba1ec00000) (1024K)]
  0x000001fa62407b70 JavaThread "Timer-429"                         [_thread_blocked, id=14104, stack(0x000000ba1ea00000,0x000000ba1eb00000) (1024K)]
  0x000001fa62405410 JavaThread "Timer-430"                         [_thread_blocked, id=14304, stack(0x000000ba1ec00000,0x000000ba1ed00000) (1024K)]
  0x000001fa62408200 JavaThread "Timer-431"                         [_thread_blocked, id=6208, stack(0x000000ba1ee00000,0x000000ba1ef00000) (1024K)]
  0x000001fa62404d80 JavaThread "Worker-170: Initialize workspace"        [_thread_blocked, id=9932, stack(0x000000ba1e400000,0x000000ba1e500000) (1024K)]
  0x000001fa624095b0 JavaThread "Timer-432"                         [_thread_blocked, id=9760, stack(0x000000ba1f000000,0x000000ba1f100000) (1024K)]
  0x000001fa62408890 JavaThread "Timer-433"                         [_thread_blocked, id=27864, stack(0x000000ba1f100000,0x000000ba1f200000) (1024K)]
  0x000001fa62409c40 JavaThread "Timer-434"                         [_thread_blocked, id=25228, stack(0x000000ba1f300000,0x000000ba1f400000) (1024K)]
  0x000001fa62408f20 JavaThread "Timer-435"                         [_thread_blocked, id=26956, stack(0x000000ba1f200000,0x000000ba1f300000) (1024K)]
  0x000001fa624067c0 JavaThread "Timer-436"                         [_thread_blocked, id=31000, stack(0x000000ba1f500000,0x000000ba1f600000) (1024K)]
  0x000001fa6240c3a0 JavaThread "Timer-437"                         [_thread_blocked, id=27532, stack(0x000000ba0db00000,0x000000ba0dc00000) (1024K)]
  0x000001fa6240aff0 JavaThread "Timer-438"                         [_thread_blocked, id=1708, stack(0x000000ba1f700000,0x000000ba1f800000) (1024K)]
  0x000001fa6240bd10 JavaThread "Timer-439"                         [_thread_blocked, id=18100, stack(0x000000ba1f800000,0x000000ba1f900000) (1024K)]
  0x000001fa62405aa0 JavaThread "Worker-189: Initialize workspace"        [_thread_blocked, id=31608, stack(0x000000ba1ef00000,0x000000ba1f000000) (1024K)]
  0x000001fa6240ca30 JavaThread "Timer-440"                         [_thread_blocked, id=12032, stack(0x000000ba1f600000,0x000000ba1f700000) (1024K)]
  0x000001fa6240d0c0 JavaThread "Timer-441"                         [_thread_blocked, id=29628, stack(0x000000ba1f900000,0x000000ba1fa00000) (1024K)]
  0x000001fa6240d750 JavaThread "Timer-442"                         [_thread_blocked, id=32740, stack(0x000000ba1fb00000,0x000000ba1fc00000) (1024K)]
  0x000001fa6240a2d0 JavaThread "Timer-443"                         [_thread_blocked, id=13324, stack(0x000000ba1fa00000,0x000000ba1fb00000) (1024K)]
  0x000001fa6240a960 JavaThread "Timer-444"                         [_thread_blocked, id=20644, stack(0x000000ba1fd00000,0x000000ba1fe00000) (1024K)]
  0x000001fa62410540 JavaThread "Timer-445"                         [_thread_blocked, id=10252, stack(0x000000ba1fc00000,0x000000ba1fd00000) (1024K)]
  0x000001fa6240feb0 JavaThread "Timer-446"                         [_thread_blocked, id=30860, stack(0x000000ba1ff00000,0x000000ba20000000) (1024K)]
  0x000001fa6240f190 JavaThread "Timer-447"                         [_thread_blocked, id=29140, stack(0x000000ba20200000,0x000000ba20300000) (1024K)]
  0x000001fa6240dde0 JavaThread "Worker-210: Initialize workspace"        [_thread_blocked, id=32304, stack(0x000000ba1f400000,0x000000ba1f500000) (1024K)]
  0x000001fa6240e470 JavaThread "Timer-448"                         [_thread_blocked, id=33372, stack(0x000000ba20000000,0x000000ba20100000) (1024K)]
  0x000001fa62411f80 JavaThread "Timer-449"                         [_thread_blocked, id=28100, stack(0x000000ba20100000,0x000000ba20200000) (1024K)]
  0x000001fa6240f820 JavaThread "Timer-450"                         [_thread_blocked, id=25212, stack(0x000000ba20300000,0x000000ba20400000) (1024K)]
  0x000001fa6240eb00 JavaThread "Timer-451"                         [_thread_blocked, id=17008, stack(0x000000ba20400000,0x000000ba20500000) (1024K)]
  0x000001fa62413330 JavaThread "Timer-452"                         [_thread_blocked, id=23936, stack(0x000000ba20600000,0x000000ba20700000) (1024K)]
  0x000001fa624139c0 JavaThread "Timer-453"                         [_thread_blocked, id=33452, stack(0x000000ba20500000,0x000000ba20600000) (1024K)]
  0x000001fa62414050 JavaThread "Timer-454"                         [_thread_blocked, id=17644, stack(0x000000ba20800000,0x000000ba20900000) (1024K)]
  0x000001fa62410bd0 JavaThread "Timer-455"                         [_thread_blocked, id=11924, stack(0x000000ba20a00000,0x000000ba20b00000) (1024K)]
  0x000001fa6240b680 JavaThread "Worker-230: Initialize workspace"        [_thread_blocked, id=33220, stack(0x000000ba1fe00000,0x000000ba1ff00000) (1024K)]
  0x000001fa62412ca0 JavaThread "Timer-456"                         [_thread_blocked, id=2612, stack(0x000000ba20d00000,0x000000ba20e00000) (1024K)]
  0x000001fa624118f0 JavaThread "Timer-457"                         [_thread_blocked, id=17128, stack(0x000000ba20e00000,0x000000ba20f00000) (1024K)]
  0x000001fa62418880 JavaThread "Timer-458"                         [_thread_blocked, id=17864, stack(0x000000ba21000000,0x000000ba21100000) (1024K)]
  0x000001fa62415400 JavaThread "Timer-459"                         [_thread_blocked, id=29828, stack(0x000000ba20f00000,0x000000ba21000000) (1024K)]
  0x000001fa62417b60 JavaThread "Timer-460"                         [_thread_blocked, id=25388, stack(0x000000ba21200000,0x000000ba21300000) (1024K)]
  0x000001fa62418f10 JavaThread "Timer-461"                         [_thread_blocked, id=14768, stack(0x000000ba21100000,0x000000ba21200000) (1024K)]
  0x000001fa624174d0 JavaThread "Timer-462"                         [_thread_blocked, id=9860, stack(0x000000ba21300000,0x000000ba21400000) (1024K)]
  0x000001fa624167b0 JavaThread "Timer-463"                         [_thread_blocked, id=15624, stack(0x000000ba21500000,0x000000ba21600000) (1024K)]
  0x000001fa624181f0 JavaThread "Worker-252: Initialize workspace"        [_thread_blocked, id=23192, stack(0x000000ba21400000,0x000000ba21500000) (1024K)]
  0x000001fa62416e40 JavaThread "Timer-464"                         [_thread_blocked, id=21132, stack(0x000000ba21600000,0x000000ba21700000) (1024K)]
  0x000001fa62414d70 JavaThread "Timer-465"                         [_thread_blocked, id=14248, stack(0x000000ba21700000,0x000000ba21800000) (1024K)]
  0x000001fa62415a90 JavaThread "Timer-466"                         [_thread_blocked, id=14488, stack(0x000000ba21800000,0x000000ba21900000) (1024K)]
  0x000001fa6241b670 JavaThread "Timer-467"                         [_thread_blocked, id=10600, stack(0x000000ba21900000,0x000000ba21a00000) (1024K)]
  0x000001fa6241afe0 JavaThread "Timer-468"                         [_thread_blocked, id=27576, stack(0x000000ba21a00000,0x000000ba21b00000) (1024K)]
  0x000001fa6241c390 JavaThread "Timer-469"                         [_thread_blocked, id=10472, stack(0x000000ba21b00000,0x000000ba21c00000) (1024K)]
  0x000001fa6241ca20 JavaThread "Timer-470"                         [_thread_blocked, id=25108, stack(0x000000ba21d00000,0x000000ba21e00000) (1024K)]
  0x000001fa6241d0b0 JavaThread "Timer-471"                         [_thread_blocked, id=28228, stack(0x000000ba22000000,0x000000ba22100000) (1024K)]
  0x000001fa62416120 JavaThread "Worker-273: Initialize workspace"        [_thread_blocked, id=15400, stack(0x000000ba20c00000,0x000000ba20d00000) (1024K)]
  0x000001fa62419c30 JavaThread "Timer-472"                         [_thread_blocked, id=4684, stack(0x000000ba21e00000,0x000000ba21f00000) (1024K)]
  0x000001fa6241d740 JavaThread "Timer-473"                         [_thread_blocked, id=25964, stack(0x000000ba21f00000,0x000000ba22000000) (1024K)]
  0x000001fa6241a2c0 JavaThread "Timer-474"                         [_thread_blocked, id=23004, stack(0x000000ba22100000,0x000000ba22200000) (1024K)]
  0x000001fa6241ddd0 JavaThread "Timer-475"                         [_thread_blocked, id=33704, stack(0x000000ba22200000,0x000000ba22300000) (1024K)]
  0x000001fa6241a950 JavaThread "Timer-476"                         [_thread_blocked, id=19828, stack(0x000000ba22400000,0x000000ba22500000) (1024K)]
  0x000001fa62421250 JavaThread "Timer-477"                         [_thread_blocked, id=23628, stack(0x000000ba22300000,0x000000ba22400000) (1024K)]
  0x000001fa6241e460 JavaThread "Timer-478"                         [_thread_blocked, id=30892, stack(0x000000ba22500000,0x000000ba22600000) (1024K)]
  0x000001fa6241eaf0 JavaThread "Timer-479"                         [_thread_blocked, id=3872, stack(0x000000ba22900000,0x000000ba22a00000) (1024K)]
  0x000001fa6241bd00 JavaThread "Worker-293: Initialize workspace"        [_thread_blocked, id=4840, stack(0x000000ba21c00000,0x000000ba21d00000) (1024K)]
  0x000001fa62421f70 JavaThread "Timer-480"                         [_thread_blocked, id=1896, stack(0x000000ba22700000,0x000000ba22800000) (1024K)]
  0x000001fa624218e0 JavaThread "Timer-481"                         [_thread_blocked, id=20056, stack(0x000000ba22800000,0x000000ba22900000) (1024K)]
  0x000001fa62422c90 JavaThread "Timer-482"                         [_thread_blocked, id=16604, stack(0x000000ba22a00000,0x000000ba22b00000) (1024K)]
  0x000001fa6241f810 JavaThread "Timer-483"                         [_thread_blocked, id=24160, stack(0x000000ba22b00000,0x000000ba22c00000) (1024K)]
  0x000001fa62422600 JavaThread "Timer-484"                         [_thread_blocked, id=18512, stack(0x000000ba22d00000,0x000000ba22e00000) (1024K)]
  0x000001fa62420bc0 JavaThread "Timer-485"                         [_thread_blocked, id=9152, stack(0x000000ba22c00000,0x000000ba22d00000) (1024K)]
  0x000001fa62423320 JavaThread "Timer-486"                         [_thread_blocked, id=20336, stack(0x000000ba22f00000,0x000000ba23000000) (1024K)]
  0x000001fa627c3900 JavaThread "Timer-487"                         [_thread_blocked, id=25888, stack(0x000000ba23100000,0x000000ba23200000) (1024K)]
  0x000001fa6241fea0 JavaThread "Worker-314: Initialize workspace"        [_thread_blocked, id=29352, stack(0x000000ba22600000,0x000000ba22700000) (1024K)]
  0x000001fa62420530 JavaThread "Timer-488"                         [_thread_blocked, id=31160, stack(0x000000ba23000000,0x000000ba23100000) (1024K)]
  0x000001fa627da880 JavaThread "Timer-489"                         [_thread_blocked, id=12904, stack(0x000000ba23200000,0x000000ba23300000) (1024K)]
  0x000001fa4eeca9d0 JavaThread "Timer-490"                         [_thread_blocked, id=8508, stack(0x000000ba23300000,0x000000ba23400000) (1024K)]
  0x000001fa62a57610 JavaThread "Timer-491"                         [_thread_blocked, id=1616, stack(0x000000ba23400000,0x000000ba23500000) (1024K)]
  0x000001fa62a589c0 JavaThread "Timer-492"                         [_thread_blocked, id=25736, stack(0x000000ba23600000,0x000000ba23700000) (1024K)]
  0x000001fa62a57ca0 JavaThread "Timer-493"                         [_thread_blocked, id=11196, stack(0x000000ba23500000,0x000000ba23600000) (1024K)]
  0x000001fa62a59050 JavaThread "Timer-494"                         [_thread_blocked, id=13164, stack(0x000000ba23800000,0x000000ba23900000) (1024K)]
  0x000001fa62a59d70 JavaThread "Timer-495"                         [_thread_blocked, id=29440, stack(0x000000ba23a00000,0x000000ba23b00000) (1024K)]
  0x000001fa62a596e0 JavaThread "Worker-333: Initialize workspace"        [_thread_blocked, id=31128, stack(0x000000ba22e00000,0x000000ba22f00000) (1024K)]
  0x000001fa62a56f80 JavaThread "Timer-496"                         [_thread_blocked, id=11748, stack(0x000000ba23900000,0x000000ba23a00000) (1024K)]
  0x000001fa62a5b120 JavaThread "Timer-497"                         [_thread_blocked, id=8264, stack(0x000000ba23b00000,0x000000ba23c00000) (1024K)]
  0x000001fa62a5df10 JavaThread "Timer-498"                         [_thread_blocked, id=24964, stack(0x000000ba23c00000,0x000000ba23d00000) (1024K)]
  0x000001fa62a5aa90 JavaThread "Timer-499"                         [_thread_blocked, id=8412, stack(0x000000ba23d00000,0x000000ba23e00000) (1024K)]
  0x000001fa62a5c4d0 JavaThread "Timer-500"                         [_thread_blocked, id=28964, stack(0x000000ba23f00000,0x000000ba24000000) (1024K)]
  0x000001fa62a5cb60 JavaThread "Timer-501"                         [_thread_blocked, id=17692, stack(0x000000ba23e00000,0x000000ba23f00000) (1024K)]
  0x000001fa62a5be40 JavaThread "Timer-502"                         [_thread_blocked, id=21096, stack(0x000000ba24100000,0x000000ba24200000) (1024K)]
  0x000001fa62a5d1f0 JavaThread "Timer-503"                         [_thread_blocked, id=14584, stack(0x000000ba24200000,0x000000ba24300000) (1024K)]
  0x000001fa62a5d880 JavaThread "Worker-352: Initialize workspace"        [_thread_blocked, id=28956, stack(0x000000ba23700000,0x000000ba23800000) (1024K)]
  0x000001fa62a5b7b0 JavaThread "Timer-504"                         [_thread_blocked, id=26152, stack(0x000000ba24300000,0x000000ba24400000) (1024K)]
  0x000001fa62a61a20 JavaThread "Timer-505"                         [_thread_blocked, id=31952, stack(0x000000ba24400000,0x000000ba24500000) (1024K)]
  0x000001fa62a5f950 JavaThread "Timer-506"                         [_thread_blocked, id=27420, stack(0x000000ba24500000,0x000000ba24600000) (1024K)]
  0x000001fa62a60670 JavaThread "Timer-507"                         [_thread_blocked, id=23152, stack(0x000000ba24600000,0x000000ba24700000) (1024K)]
  0x000001fa62a60d00 JavaThread "Timer-508"                         [_thread_blocked, id=9304, stack(0x000000ba24700000,0x000000ba24800000) (1024K)]
  0x000001fa62a5ffe0 JavaThread "Timer-509"                         [_thread_blocked, id=10204, stack(0x000000ba24800000,0x000000ba24900000) (1024K)]
  0x000001fa62a5f2c0 JavaThread "Timer-510"                         [_thread_blocked, id=25952, stack(0x000000ba24a00000,0x000000ba24b00000) (1024K)]
  0x000001fa62a620b0 JavaThread "Timer-511"                         [_thread_blocked, id=23124, stack(0x000000ba24c00000,0x000000ba24d00000) (1024K)]
  0x000001fa62a5a400 JavaThread "Worker-373: Initialize workspace"        [_thread_blocked, id=13792, stack(0x000000ba24000000,0x000000ba24100000) (1024K)]
  0x000001fa62a5e5a0 JavaThread "Timer-512"                         [_thread_blocked, id=22016, stack(0x000000ba24b00000,0x000000ba24c00000) (1024K)]
  0x000001fa62a5ec30 JavaThread "Timer-513"                         [_thread_blocked, id=10788, stack(0x000000ba24d00000,0x000000ba24e00000) (1024K)]
  0x000001fa62a63af0 JavaThread "Timer-514"                         [_thread_blocked, id=20588, stack(0x000000ba24e00000,0x000000ba24f00000) (1024K)]
  0x000001fa62a64ea0 JavaThread "Timer-515"                         [_thread_blocked, id=28604, stack(0x000000ba24f00000,0x000000ba25000000) (1024K)]
  0x000001fa62a65530 JavaThread "Timer-516"                         [_thread_blocked, id=3892, stack(0x000000ba25100000,0x000000ba25200000) (1024K)]
  0x000001fa62a62dd0 JavaThread "Timer-517"                         [_thread_blocked, id=33364, stack(0x000000ba25000000,0x000000ba25100000) (1024K)]
  0x000001fa62a65bc0 JavaThread "Timer-518"                         [_thread_blocked, id=18688, stack(0x000000ba25300000,0x000000ba25400000) (1024K)]
  0x000001fa62a62740 JavaThread "Timer-519"                         [_thread_blocked, id=16960, stack(0x000000ba25500000,0x000000ba25600000) (1024K)]
  0x000001fa62a63460 JavaThread "Worker-396: Initialize workspace"        [_thread_blocked, id=20744, stack(0x000000ba24900000,0x000000ba24a00000) (1024K)]
  0x000001fa62a66250 JavaThread "Timer-520"                         [_thread_blocked, id=22600, stack(0x000000ba25400000,0x000000ba25500000) (1024K)]
  0x000001fa62a668e0 JavaThread "Timer-521"                         [_thread_blocked, id=10196, stack(0x000000ba25600000,0x000000ba25700000) (1024K)]
  0x000001fa62a64810 JavaThread "Timer-522"                         [_thread_blocked, id=28124, stack(0x000000ba25800000,0x000000ba25900000) (1024K)]
  0x000001fa62a66f70 JavaThread "Timer-523"                         [_thread_blocked, id=20112, stack(0x000000ba25700000,0x000000ba25800000) (1024K)]
  0x000001fa62a67600 JavaThread "Timer-524"                         [_thread_blocked, id=27580, stack(0x000000ba25a00000,0x000000ba25b00000) (1024K)]
  0x000001fa62a64180 JavaThread "Timer-525"                         [_thread_blocked, id=10748, stack(0x000000ba25900000,0x000000ba25a00000) (1024K)]
  0x000001fa62a67c90 JavaThread "Timer-526"                         [_thread_blocked, id=17728, stack(0x000000ba25b00000,0x000000ba25c00000) (1024K)]
  0x000001fa62a696d0 JavaThread "Timer-527"                         [_thread_blocked, id=23076, stack(0x000000ba25e00000,0x000000ba25f00000) (1024K)]
  0x000001fa62a61390 JavaThread "Worker-416: Initialize workspace"        [_thread_blocked, id=16724, stack(0x000000ba25200000,0x000000ba25300000) (1024K)]
  0x000001fa62a69040 JavaThread "Timer-528"                         [_thread_blocked, id=24272, stack(0x000000ba25d00000,0x000000ba25e00000) (1024K)]
  0x000001fa62a68320 JavaThread "Timer-529"                         [_thread_blocked, id=20648, stack(0x000000ba25f00000,0x000000ba26000000) (1024K)]
  0x000001fa62a689b0 JavaThread "Timer-530"                         [_thread_blocked, id=20928, stack(0x000000ba26000000,0x000000ba26100000) (1024K)]
  0x000001fa62a6cb50 JavaThread "Timer-531"                         [_thread_blocked, id=25412, stack(0x000000ba26100000,0x000000ba26200000) (1024K)]
  0x000001fa62a6d1e0 JavaThread "Timer-532"                         [_thread_blocked, id=23384, stack(0x000000ba26300000,0x000000ba26400000) (1024K)]
  0x000001fa62a6d870 JavaThread "Timer-533"                         [_thread_blocked, id=12916, stack(0x000000ba26200000,0x000000ba26300000) (1024K)]
  0x000001fa62a6a3f0 JavaThread "Timer-534"                         [_thread_blocked, id=29404, stack(0x000000ba26500000,0x000000ba26600000) (1024K)]
  0x000001fa62a6aa80 JavaThread "Timer-535"                         [_thread_blocked, id=31432, stack(0x000000ba26800000,0x000000ba26900000) (1024K)]
  0x000001fa62a6b110 JavaThread "Worker-436: Initialize workspace"        [_thread_blocked, id=2056, stack(0x000000ba25c00000,0x000000ba25d00000) (1024K)]
  0x000001fa62a6b7a0 JavaThread "Timer-536"                         [_thread_blocked, id=23960, stack(0x000000ba26600000,0x000000ba26700000) (1024K)]
  0x000001fa62a69d60 JavaThread "Timer-537"                         [_thread_blocked, id=12540, stack(0x000000ba26700000,0x000000ba26800000) (1024K)]
  0x000001fa62a6be30 JavaThread "Timer-538"                         [_thread_blocked, id=31028, stack(0x000000ba26a00000,0x000000ba26b00000) (1024K)]
  0x000001fa62a6df00 JavaThread "Timer-539"                         [_thread_blocked, id=20464, stack(0x000000ba26900000,0x000000ba26a00000) (1024K)]
  0x000001fa62a6ec20 JavaThread "Timer-540"                         [_thread_blocked, id=7928, stack(0x000000ba26b00000,0x000000ba26c00000) (1024K)]
  0x000001fa62a70660 JavaThread "Timer-541"                         [_thread_blocked, id=27316, stack(0x000000ba26c00000,0x000000ba26d00000) (1024K)]
  0x000001fa62a6e590 JavaThread "Timer-542"                         [_thread_blocked, id=10144, stack(0x000000ba26e00000,0x000000ba26f00000) (1024K)]
  0x000001fa62a6ffd0 JavaThread "Timer-543"                         [_thread_blocked, id=25944, stack(0x000000ba27000000,0x000000ba27100000) (1024K)]
  0x000001fa62a6f2b0 JavaThread "Worker-456: Initialize workspace"        [_thread_blocked, id=26308, stack(0x000000ba26400000,0x000000ba26500000) (1024K)]
  0x000001fa62a6c4c0 JavaThread "Timer-544"                         [_thread_blocked, id=8796, stack(0x000000ba26f00000,0x000000ba27000000) (1024K)]
  0x000001fa62a74800 JavaThread "Timer-545"                         [_thread_blocked, id=10868, stack(0x000000ba27100000,0x000000ba27200000) (1024K)]
  0x000001fa62a73450 JavaThread "Timer-546"                         [_thread_blocked, id=33404, stack(0x000000ba27300000,0x000000ba27400000) (1024K)]
  0x000001fa62a71a10 JavaThread "Timer-547"                         [_thread_blocked, id=13328, stack(0x000000ba27200000,0x000000ba27300000) (1024K)]
  0x000001fa62a720a0 JavaThread "Timer-548"                         [_thread_blocked, id=22340, stack(0x000000ba27400000,0x000000ba27500000) (1024K)]
  0x000001fa62a71380 JavaThread "Timer-549"                         [_thread_blocked, id=19736, stack(0x000000ba27500000,0x000000ba27600000) (1024K)]
  0x000001fa62a74170 JavaThread "Timer-550"                         [_thread_blocked, id=32660, stack(0x000000ba27700000,0x000000ba27800000) (1024K)]
  0x000001fa62a72730 JavaThread "Timer-551"                         [_thread_blocked, id=12984, stack(0x000000ba27a00000,0x000000ba27b00000) (1024K)]
  0x000001fa62a70cf0 JavaThread "Worker-479: Initialize workspace"        [_thread_blocked, id=14748, stack(0x000000ba27600000,0x000000ba27700000) (1024K)]
  0x000001fa62a75bb0 JavaThread "Timer-552"                         [_thread_blocked, id=5368, stack(0x000000ba27800000,0x000000ba27900000) (1024K)]
  0x000001fa62a73ae0 JavaThread "Timer-553"                         [_thread_blocked, id=17556, stack(0x000000ba27900000,0x000000ba27a00000) (1024K)]
  0x000001fa62a75520 JavaThread "Timer-554"                         [_thread_blocked, id=29928, stack(0x000000ba27b00000,0x000000ba27c00000) (1024K)]
  0x000001fa62a74e90 JavaThread "Timer-555"                         [_thread_blocked, id=21372, stack(0x000000ba27c00000,0x000000ba27d00000) (1024K)]
  0x000001fa62a76240 JavaThread "Timer-556"                         [_thread_blocked, id=18884, stack(0x000000ba27d00000,0x000000ba27e00000) (1024K)]
  0x000001fa624046f0 JavaThread "Timer-557"                         [_thread_blocked, id=29884, stack(0x000000ba1ed00000,0x000000ba1ee00000) (1024K)]
  0x000001fa62406130 JavaThread "Timer-558"                         [_thread_blocked, id=6136, stack(0x000000ba27f00000,0x000000ba28000000) (1024K)]
  0x000001fa61987270 JavaThread "Timer-559"                         [_thread_blocked, id=16012, stack(0x000000ba28100000,0x000000ba28200000) (1024K)]
  0x000001fa61985ec0 JavaThread "Worker-500: Initialize workspace"        [_thread_blocked, id=20700, stack(0x000000ba26d00000,0x000000ba26e00000) (1024K)]
  0x000001fa61987900 JavaThread "Timer-560"                         [_thread_blocked, id=17428, stack(0x000000ba28000000,0x000000ba28100000) (1024K)]
  0x000001fa61986be0 JavaThread "Timer-561"                         [_thread_blocked, id=25764, stack(0x000000ba28200000,0x000000ba28300000) (1024K)]
  0x000001fa619851a0 JavaThread "Timer-562"                         [_thread_blocked, id=14620, stack(0x000000ba28400000,0x000000ba28500000) (1024K)]
  0x000001fa61984480 JavaThread "Timer-563"                         [_thread_blocked, id=8588, stack(0x000000ba28300000,0x000000ba28400000) (1024K)]
  0x000001fa61987f90 JavaThread "Timer-564"                         [_thread_blocked, id=27204, stack(0x000000ba28600000,0x000000ba28700000) (1024K)]
  0x000001fa61984b10 JavaThread "Timer-565"                         [_thread_blocked, id=31880, stack(0x000000ba28500000,0x000000ba28600000) (1024K)]
  0x000001fa6198ad80 JavaThread "Timer-566"                         [_thread_blocked, id=30096, stack(0x000000ba28700000,0x000000ba28800000) (1024K)]
  0x000001fa6198b410 JavaThread "Timer-567"                         [_thread_blocked, id=12636, stack(0x000000ba28a00000,0x000000ba28b00000) (1024K)]
  0x000001fa61988620 JavaThread "Worker-521: Initialize workspace"        [_thread_blocked, id=22732, stack(0x000000ba27e00000,0x000000ba27f00000) (1024K)]
  0x000001fa61985830 JavaThread "Timer-568"                         [_thread_blocked, id=33116, stack(0x000000ba28900000,0x000000ba28a00000) (1024K)]
  0x000001fa6198baa0 JavaThread "Timer-569"                         [_thread_blocked, id=19308, stack(0x000000ba28b00000,0x000000ba28c00000) (1024K)]
  0x000001fa6198a060 JavaThread "Timer-570"                         [_thread_blocked, id=25592, stack(0x000000ba28d00000,0x000000ba28e00000) (1024K)]
  0x000001fa6198c130 JavaThread "Timer-571"                         [_thread_blocked, id=29300, stack(0x000000ba28c00000,0x000000ba28d00000) (1024K)]
  0x000001fa6198a6f0 JavaThread "Timer-572"                         [_thread_blocked, id=23728, stack(0x000000ba28f00000,0x000000ba29000000) (1024K)]
  0x000001fa6198c7c0 JavaThread "Timer-573"                         [_thread_blocked, id=29568, stack(0x000000ba28e00000,0x000000ba28f00000) (1024K)]
  0x000001fa6198ce50 JavaThread "Timer-574"                         [_thread_blocked, id=26084, stack(0x000000ba29100000,0x000000ba29200000) (1024K)]
  0x000001fa6198fc40 JavaThread "Timer-575"                         [_thread_blocked, id=19016, stack(0x000000ba29400000,0x000000ba29500000) (1024K)]
  0x000001fa619899d0 JavaThread "Worker-541: Initialize workspace"        [_thread_blocked, id=9416, stack(0x000000ba28800000,0x000000ba28900000) (1024K)]
  0x000001fa61986550 JavaThread "Timer-576"                         [_thread_blocked, id=24680, stack(0x000000ba29200000,0x000000ba29300000) (1024K)]
  0x000001fa6198ef20 JavaThread "Timer-577"                         [_thread_blocked, id=13944, stack(0x000000ba29300000,0x000000ba29400000) (1024K)]
  0x000001fa6198e200 JavaThread "Timer-578"                         [_thread_blocked, id=3432, stack(0x000000ba29600000,0x000000ba29700000) (1024K)]
  0x000001fa61990960 JavaThread "Timer-579"                         [_thread_blocked, id=14192, stack(0x000000ba29500000,0x000000ba29600000) (1024K)]
  0x000001fa619902d0 JavaThread "Timer-580"                         [_thread_blocked, id=26816, stack(0x000000ba29700000,0x000000ba29800000) (1024K)]
  0x000001fa6198e890 JavaThread "Timer-581"                         [_thread_blocked, id=28564, stack(0x000000ba29800000,0x000000ba29900000) (1024K)]
  0x000001fa6198d4e0 JavaThread "Timer-582"                         [_thread_blocked, id=16588, stack(0x000000ba29900000,0x000000ba29a00000) (1024K)]
  0x000001fa6198db70 JavaThread "Timer-583"                         [_thread_blocked, id=26848, stack(0x000000ba29b00000,0x000000ba29c00000) (1024K)]
  0x000001fa61989340 JavaThread "Worker-560: Initialize workspace"        [_thread_blocked, id=23900, stack(0x000000ba20b00000,0x000000ba20c00000) (1024K)]
  0x000001fa619923a0 JavaThread "Timer-584"                         [_thread_blocked, id=20092, stack(0x000000ba29a00000,0x000000ba29b00000) (1024K)]
  0x000001fa6198f5b0 JavaThread "Timer-585"                         [_thread_blocked, id=27448, stack(0x000000ba29c00000,0x000000ba29d00000) (1024K)]
  0x000001fa61993750 JavaThread "Timer-586"                         [_thread_blocked, id=1456, stack(0x000000ba29e00000,0x000000ba29f00000) (1024K)]
  0x000001fa61992a30 JavaThread "Timer-587"                         [_thread_blocked, id=32432, stack(0x000000ba29d00000,0x000000ba29e00000) (1024K)]
  0x000001fa619930c0 JavaThread "Timer-588"                         [_thread_blocked, id=6928, stack(0x000000ba2a000000,0x000000ba2a100000) (1024K)]
  0x000001fa61993de0 JavaThread "Timer-589"                         [_thread_blocked, id=27668, stack(0x000000ba29f00000,0x000000ba2a000000) (1024K)]
  0x000001fa61991680 JavaThread "Timer-590"                         [_thread_blocked, id=10468, stack(0x000000ba2a300000,0x000000ba2a400000) (1024K)]
  0x000001fa61994b00 JavaThread "Timer-591"                         [_thread_blocked, id=26812, stack(0x000000ba2a400000,0x000000ba2a500000) (1024K)]
  0x000001fa61991d10 JavaThread "Worker-581: Initialize workspace"        [_thread_blocked, id=14512, stack(0x000000ba29000000,0x000000ba29100000) (1024K)]
  0x000001fa61990ff0 JavaThread "Timer-592"                         [_thread_blocked, id=9032, stack(0x000000ba2a200000,0x000000ba2a300000) (1024K)]
  0x000001fa61996bd0 JavaThread "Timer-593"                         [_thread_blocked, id=14096, stack(0x000000ba2a500000,0x000000ba2a600000) (1024K)]
  0x000001fa61998610 JavaThread "Timer-594"                         [_thread_blocked, id=22656, stack(0x000000ba2a700000,0x000000ba2a800000) (1024K)]
  0x000001fa61995190 JavaThread "Timer-595"                         [_thread_blocked, id=29804, stack(0x000000ba2a600000,0x000000ba2a700000) (1024K)]
  0x000001fa61998ca0 JavaThread "Timer-596"                         [_thread_blocked, id=26864, stack(0x000000ba2a900000,0x000000ba2aa00000) (1024K)]
  0x000001fa61995820 JavaThread "Timer-597"                         [_thread_blocked, id=17996, stack(0x000000ba2a800000,0x000000ba2a900000) (1024K)]
  0x000001fa61997260 JavaThread "Timer-598"                         [_thread_blocked, id=12096, stack(0x000000ba2aa00000,0x000000ba2ab00000) (1024K)]
  0x000001fa61997f80 JavaThread "Timer-599"                         [_thread_blocked, id=9600, stack(0x000000ba2ad00000,0x000000ba2ae00000) (1024K)]
  0x000001fa619978f0 JavaThread "Worker-601: Initialize workspace"        [_thread_blocked, id=18212, stack(0x000000ba2a100000,0x000000ba2a200000) (1024K)]
  0x000001fa61994470 JavaThread "Timer-600"                         [_thread_blocked, id=20756, stack(0x000000ba2ab00000,0x000000ba2ac00000) (1024K)]
  0x000001fa61995eb0 JavaThread "Timer-601"                         [_thread_blocked, id=25036, stack(0x000000ba2ae00000,0x000000ba2af00000) (1024K)]
  0x000001fa61996540 JavaThread "Timer-602"                         [_thread_blocked, id=22804, stack(0x000000ba2b000000,0x000000ba2b100000) (1024K)]
  0x000001fa6199ce40 JavaThread "Timer-603"                         [_thread_blocked, id=24976, stack(0x000000ba2af00000,0x000000ba2b000000) (1024K)]
  0x000001fa6199ba90 JavaThread "Timer-604"                         [_thread_blocked, id=13032, stack(0x000000ba2b100000,0x000000ba2b200000) (1024K)]
  0x000001fa6199c120 JavaThread "Timer-605"                         [_thread_blocked, id=20072, stack(0x000000ba2b200000,0x000000ba2b300000) (1024K)]
  0x000001fa6199c7b0 JavaThread "Timer-606"                         [_thread_blocked, id=19128, stack(0x000000ba2b500000,0x000000ba2b600000) (1024K)]
  0x000001fa6199ad70 JavaThread "Timer-607"                         [_thread_blocked, id=19748, stack(0x000000ba2b700000,0x000000ba2b800000) (1024K)]
  0x000001fa6199a050 JavaThread "Worker-620: Initialize workspace"        [_thread_blocked, id=22556, stack(0x000000ba2ac00000,0x000000ba2ad00000) (1024K)]
  0x000001fa61999330 JavaThread "Timer-608"                         [_thread_blocked, id=25588, stack(0x000000ba2b400000,0x000000ba2b500000) (1024K)]
  0x000001fa619999c0 JavaThread "Timer-609"                         [_thread_blocked, id=32920, stack(0x000000ba2b600000,0x000000ba2b700000) (1024K)]
  0x000001fa6199b400 JavaThread "Timer-610"                         [_thread_blocked, id=18448, stack(0x000000ba2b900000,0x000000ba2ba00000) (1024K)]
  0x000001fa6199d4d0 JavaThread "Timer-611"                         [_thread_blocked, id=11420, stack(0x000000ba2b800000,0x000000ba2b900000) (1024K)]
  0x000001fa6199e1f0 JavaThread "Timer-612"                         [_thread_blocked, id=29760, stack(0x000000ba2bb00000,0x000000ba2bc00000) (1024K)]
  0x000001fa6199ef10 JavaThread "Timer-613"                         [_thread_blocked, id=17740, stack(0x000000ba2ba00000,0x000000ba2bb00000) (1024K)]
  0x000001fa619a0950 JavaThread "Timer-614"                         [_thread_blocked, id=29348, stack(0x000000ba2be00000,0x000000ba2bf00000) (1024K)]
  0x000001fa619a2390 JavaThread "Timer-615"                         [_thread_blocked, id=30252, stack(0x000000ba2bf00000,0x000000ba2c000000) (1024K)]
  0x000001fa6199db60 JavaThread "Worker-640: Initialize workspace"        [_thread_blocked, id=20492, stack(0x000000ba2b300000,0x000000ba2b400000) (1024K)]
  0x000001fa6199a6e0 JavaThread "Timer-616"                         [_thread_blocked, id=5544, stack(0x000000ba2bc00000,0x000000ba2bd00000) (1024K)]
  0x000001fa619a02c0 JavaThread "Timer-617"                         [_thread_blocked, id=26328, stack(0x000000ba2c000000,0x000000ba2c100000) (1024K)]
  0x000001fa619a0fe0 JavaThread "Timer-618"                         [_thread_blocked, id=23012, stack(0x000000ba2c100000,0x000000ba2c200000) (1024K)]
  0x000001fa619a1d00 JavaThread "Timer-619"                         [_thread_blocked, id=26108, stack(0x000000ba2c200000,0x000000ba2c300000) (1024K)]
  0x000001fa6199e880 JavaThread "Timer-620"                         [_thread_blocked, id=21584, stack(0x000000ba2c400000,0x000000ba2c500000) (1024K)]
  0x000001fa619a1670 JavaThread "Timer-621"                         [_thread_blocked, id=31148, stack(0x000000ba2c300000,0x000000ba2c400000) (1024K)]
  0x000001fa619a2a20 JavaThread "Timer-622"                         [_thread_blocked, id=21192, stack(0x000000ba2c600000,0x000000ba2c700000) (1024K)]
  0x000001fa619a5810 JavaThread "Timer-623"                         [_thread_blocked, id=12580, stack(0x000000ba2c800000,0x000000ba2c900000) (1024K)]
  0x000001fa619a30b0 JavaThread "Worker-661: Initialize workspace"        [_thread_blocked, id=29864, stack(0x000000ba2bd00000,0x000000ba2be00000) (1024K)]
  0x000001fa619a5ea0 JavaThread "Timer-624"                         [_thread_blocked, id=29588, stack(0x000000ba2c700000,0x000000ba2c800000) (1024K)]
  0x000001fa619a6530 JavaThread "Timer-625"                         [_thread_blocked, id=30372, stack(0x000000ba2c900000,0x000000ba2ca00000) (1024K)]
  0x000001fa619a4af0 JavaThread "Timer-626"                         [_thread_blocked, id=17716, stack(0x000000ba2cb00000,0x000000ba2cc00000) (1024K)]
  0x000001fa619a6bc0 JavaThread "Timer-627"                         [_thread_blocked, id=4224, stack(0x000000ba2ca00000,0x000000ba2cb00000) (1024K)]
  0x000001fa619a7250 JavaThread "Timer-628"                         [_thread_blocked, id=18676, stack(0x000000ba2cd00000,0x000000ba2ce00000) (1024K)]
  0x000001fa619a3dd0 JavaThread "Timer-629"                         [_thread_blocked, id=10092, stack(0x000000ba2cc00000,0x000000ba2cd00000) (1024K)]
  0x000001fa619a5180 JavaThread "Timer-630"                         [_thread_blocked, id=5844, stack(0x000000ba2ce00000,0x000000ba2cf00000) (1024K)]
  0x000001fa619a4460 JavaThread "Timer-631"                         [_thread_blocked, id=30040, stack(0x000000ba2cf00000,0x000000ba2d000000) (1024K)]
  0x000001fa6199fc30 JavaThread "Worker-682: Initialize workspace"        [_thread_blocked, id=6200, stack(0x000000ba2c500000,0x000000ba2c600000) (1024K)]
  0x000001fa619aa6d0 JavaThread "Timer-632"                         [_thread_blocked, id=25628, stack(0x000000ba2d100000,0x000000ba2d200000) (1024K)]
  0x000001fa619a78e0 JavaThread "Timer-633"                         [_thread_blocked, id=10808, stack(0x000000ba2d200000,0x000000ba2d300000) (1024K)]
  0x000001fa619a8600 JavaThread "Timer-634"                         [_thread_blocked, id=12080, stack(0x000000ba2d400000,0x000000ba2d500000) (1024K)]
  0x000001fa619a8c90 JavaThread "Timer-635"                         [_thread_blocked, id=33728, stack(0x000000ba2d300000,0x000000ba2d400000) (1024K)]
  0x000001fa619a99b0 JavaThread "Timer-636"                         [_thread_blocked, id=20444, stack(0x000000ba2d600000,0x000000ba2d700000) (1024K)]
  0x000001fa619a9320 JavaThread "Timer-637"                         [_thread_blocked, id=3080, stack(0x000000ba2d500000,0x000000ba2d600000) (1024K)]
  0x000001fa619aa040 JavaThread "Timer-638"                         [_thread_blocked, id=25572, stack(0x000000ba2d700000,0x000000ba2d800000) (1024K)]
  0x000001fa6196db90 JavaThread "Timer-639"                         [_thread_blocked, id=24112, stack(0x000000ba2db00000,0x000000ba2dc00000) (1024K)]
  0x000001fa6196d500 JavaThread "Worker-701: Initialize workspace"        [_thread_blocked, id=31196, stack(0x000000ba2d000000,0x000000ba2d100000) (1024K)]
  0x000001fa6196ada0 JavaThread "Timer-640"                         [_thread_blocked, id=33296, stack(0x000000ba2d900000,0x000000ba2da00000) (1024K)]
  0x000001fa6196a710 JavaThread "Timer-641"                         [_thread_blocked, id=27924, stack(0x000000ba2da00000,0x000000ba2db00000) (1024K)]
  0x000001fa6196c150 JavaThread "Timer-642"                         [_thread_blocked, id=24292, stack(0x000000ba2dd00000,0x000000ba2de00000) (1024K)]
  0x000001fa6196b430 JavaThread "Timer-643"                         [_thread_blocked, id=21752, stack(0x000000ba2dc00000,0x000000ba2dd00000) (1024K)]
  0x000001fa6196e220 JavaThread "Timer-644"                         [_thread_blocked, id=10712, stack(0x000000ba2df00000,0x000000ba2e000000) (1024K)]
  0x000001fa6196e8b0 JavaThread "Timer-645"                         [_thread_blocked, id=26468, stack(0x000000ba2de00000,0x000000ba2df00000) (1024K)]
  0x000001fa6196bac0 JavaThread "Timer-646"                         [_thread_blocked, id=4864, stack(0x000000ba2e300000,0x000000ba2e400000) (1024K)]
  0x000001fa6196fc60 JavaThread "Timer-647"                         [_thread_blocked, id=32484, stack(0x000000ba2e500000,0x000000ba2e600000) (1024K)]
  0x000001fa6196a080 JavaThread "Worker-723: Initialize workspace"        [_thread_blocked, id=17948, stack(0x000000ba2d800000,0x000000ba2d900000) (1024K)]
  0x000001fa6196f5d0 JavaThread "Timer-648"                         [_thread_blocked, id=20636, stack(0x000000ba2e400000,0x000000ba2e500000) (1024K)]
  0x000001fa619702f0 JavaThread "Timer-649"                         [_thread_blocked, id=31324, stack(0x000000ba2e600000,0x000000ba2e700000) (1024K)]
  0x000001fa6196ce70 JavaThread "Timer-650"                         [_thread_blocked, id=26516, stack(0x000000ba2e800000,0x000000ba2e900000) (1024K)]
  0x000001fa61972a50 JavaThread "Timer-651"                         [_thread_blocked, id=16108, stack(0x000000ba2e700000,0x000000ba2e800000) (1024K)]
  0x000001fa61970980 JavaThread "Timer-652"                         [_thread_blocked, id=132, stack(0x000000ba2ea00000,0x000000ba2eb00000) (1024K)]
  0x000001fa619730e0 JavaThread "Timer-653"                         [_thread_blocked, id=26644, stack(0x000000ba2e900000,0x000000ba2ea00000) (1024K)]
  0x000001fa619716a0 JavaThread "Timer-654"                         [_thread_blocked, id=14800, stack(0x000000ba2ec00000,0x000000ba2ed00000) (1024K)]
  0x000001fa61971010 JavaThread "Timer-655"                         [_thread_blocked, id=15056, stack(0x000000ba2ee00000,0x000000ba2ef00000) (1024K)]
  0x000001fa6196c7e0 JavaThread "Worker-743: Initialize workspace"        [_thread_blocked, id=11404, stack(0x000000ba2e200000,0x000000ba2e300000) (1024K)]
  0x000001fa61973770 JavaThread "Timer-656"                         [_thread_blocked, id=12908, stack(0x000000ba2ed00000,0x000000ba2ee00000) (1024K)]
  0x000001fa61973e00 JavaThread "Timer-657"                         [_thread_blocked, id=22204, stack(0x000000ba2ef00000,0x000000ba2f000000) (1024K)]
  0x000001fa61971d30 JavaThread "Timer-658"                         [_thread_blocked, id=3304, stack(0x000000ba2f100000,0x000000ba2f200000) (1024K)]
  0x000001fa619751b0 JavaThread "Timer-659"                         [_thread_blocked, id=8764, stack(0x000000ba2f000000,0x000000ba2f100000) (1024K)]
  0x000001fa61974490 JavaThread "Timer-660"                         [_thread_blocked, id=9160, stack(0x000000ba2f200000,0x000000ba2f300000) (1024K)]
  0x000001fa61975840 JavaThread "Timer-661"                         [_thread_blocked, id=12344, stack(0x000000ba2f300000,0x000000ba2f400000) (1024K)]
  0x000001fa61976560 JavaThread "Timer-662"                         [_thread_blocked, id=15308, stack(0x000000ba2f500000,0x000000ba2f600000) (1024K)]
  0x000001fa61978cc0 JavaThread "Timer-663"                         [_thread_blocked, id=5600, stack(0x000000ba2f700000,0x000000ba2f800000) (1024K)]
  0x000001fa6196ef40 JavaThread "Worker-764: Initialize workspace"        [_thread_blocked, id=29108, stack(0x000000ba2eb00000,0x000000ba2ec00000) (1024K)]
  0x000001fa61977280 JavaThread "Timer-664"                         [_thread_blocked, id=5452, stack(0x000000ba2f600000,0x000000ba2f700000) (1024K)]
  0x000001fa61976bf0 JavaThread "Timer-665"                         [_thread_blocked, id=20456, stack(0x000000ba2f800000,0x000000ba2f900000) (1024K)]
  0x000001fa61974b20 JavaThread "Timer-666"                         [_thread_blocked, id=10828, stack(0x000000ba2fa00000,0x000000ba2fb00000) (1024K)]
  0x000001fa6197a700 JavaThread "Timer-667"                         [_thread_blocked, id=17696, stack(0x000000ba2f900000,0x000000ba2fa00000) (1024K)]
  0x000001fa61978630 JavaThread "Timer-668"                         [_thread_blocked, id=24924, stack(0x000000ba2fb00000,0x000000ba2fc00000) (1024K)]
  0x000001fa6197b420 JavaThread "Timer-669"                         [_thread_blocked, id=17588, stack(0x000000ba2fc00000,0x000000ba2fd00000) (1024K)]
  0x000001fa61979350 JavaThread "Timer-670"                         [_thread_blocked, id=33104, stack(0x000000ba2fd00000,0x000000ba2fe00000) (1024K)]
  0x000001fa6197ad90 JavaThread "Timer-671"                         [_thread_blocked, id=29772, stack(0x000000ba30000000,0x000000ba30100000) (1024K)]
  0x000001fa61975ed0 JavaThread "Worker-784: Initialize workspace"        [_thread_blocked, id=17136, stack(0x000000ba2f400000,0x000000ba2f500000) (1024K)]
  0x000001fa6197a070 JavaThread "Timer-672"                         [_thread_blocked, id=27820, stack(0x000000ba2ff00000,0x000000ba30000000) (1024K)]
  0x000001fa61977910 JavaThread "Timer-673"                         [_thread_blocked, id=6628, stack(0x000000ba30100000,0x000000ba30200000) (1024K)]
  0x000001fa61977fa0 JavaThread "Timer-674"                         [_thread_blocked, id=9436, stack(0x000000ba30300000,0x000000ba30400000) (1024K)]
  0x000001fa6197e210 JavaThread "Timer-675"                         [_thread_blocked, id=18772, stack(0x000000ba30200000,0x000000ba30300000) (1024K)]
  0x000001fa6197c7d0 JavaThread "Timer-676"                         [_thread_blocked, id=16864, stack(0x000000ba30500000,0x000000ba30600000) (1024K)]
  0x000001fa6197ce60 JavaThread "Timer-677"                         [_thread_blocked, id=9028, stack(0x000000ba30400000,0x000000ba30500000) (1024K)]
  0x000001fa6197d4f0 JavaThread "Timer-678"                         [_thread_blocked, id=96, stack(0x000000ba30700000,0x000000ba30800000) (1024K)]
  0x000001fa6197db80 JavaThread "Timer-679"                         [_thread_blocked, id=31248, stack(0x000000ba30600000,0x000000ba30700000) (1024K)]
  0x000001fa619799e0 JavaThread "Worker-804: Initialize workspace"        [_thread_blocked, id=8132, stack(0x000000ba30800000,0x000000ba30900000) (1024K)]
  0x000001fa61980970 JavaThread "Timer-680"                         [_thread_blocked, id=28424, stack(0x000000ba30900000,0x000000ba30a00000) (1024K)]
  0x000001fa6197fc50 JavaThread "Timer-681"                         [_thread_blocked, id=11520, stack(0x000000ba30a00000,0x000000ba30b00000) (1024K)]
  0x000001fa6197e8a0 JavaThread "Timer-682"                         [_thread_blocked, id=32832, stack(0x000000ba30c00000,0x000000ba30d00000) (1024K)]
  0x000001fa619802e0 JavaThread "Timer-683"                         [_thread_blocked, id=6556, stack(0x000000ba30b00000,0x000000ba30c00000) (1024K)]
  0x000001fa61981000 JavaThread "Timer-684"                         [_thread_blocked, id=33732, stack(0x000000ba30e00000,0x000000ba30f00000) (1024K)]
  0x000001fa61981690 JavaThread "Timer-685"                         [_thread_blocked, id=20152, stack(0x000000ba30d00000,0x000000ba30e00000) (1024K)]
  0x000001fa61981d20 JavaThread "Timer-686"                         [_thread_blocked, id=32880, stack(0x000000ba31000000,0x000000ba31100000) (1024K)]
  0x000001fa61982a40 JavaThread "Timer-687"                         [_thread_blocked, id=22860, stack(0x000000ba31200000,0x000000ba31300000) (1024K)]
  0x000001fa6197ef30 JavaThread "Worker-825: Initialize workspace"        [_thread_blocked, id=26636, stack(0x000000ba2fe00000,0x000000ba2ff00000) (1024K)]
  0x000001fa619823b0 JavaThread "Timer-688"                         [_thread_blocked, id=20604, stack(0x000000ba31100000,0x000000ba31200000) (1024K)]
  0x000001fa6197f5c0 JavaThread "Timer-689"                         [_thread_blocked, id=30544, stack(0x000000ba31300000,0x000000ba31400000) (1024K)]
  0x000001fa619830d0 JavaThread "Timer-690"                         [_thread_blocked, id=12176, stack(0x000000ba31500000,0x000000ba31600000) (1024K)]
  0x000001fa61983760 JavaThread "Timer-691"                         [_thread_blocked, id=29436, stack(0x000000ba31400000,0x000000ba31500000) (1024K)]
  0x000001fa61983df0 JavaThread "Timer-692"                         [_thread_blocked, id=23456, stack(0x000000ba31600000,0x000000ba31700000) (1024K)]
  0x000001fa61988cb0 JavaThread "Timer-693"                         [_thread_blocked, id=11132, stack(0x000000ba31700000,0x000000ba31800000) (1024K)]
  0x000001fa6199f5a0 JavaThread "Timer-694"                         [_thread_blocked, id=29932, stack(0x000000ba31900000,0x000000ba31a00000) (1024K)]
  0x000001fa62a72dc0 JavaThread "Timer-695"                         [_thread_blocked, id=4380, stack(0x000000ba31b00000,0x000000ba31c00000) (1024K)]
  0x000001fa6241f180 JavaThread "Worker-847: Initialize workspace"        [_thread_blocked, id=29748, stack(0x000000ba30f00000,0x000000ba31000000) (1024K)]
  0x000001fa62a6f940 JavaThread "Timer-696"                         [_thread_blocked, id=21212, stack(0x000000ba31a00000,0x000000ba31b00000) (1024K)]
  0x000001fa619723c0 JavaThread "Timer-697"                         [_thread_blocked, id=4384, stack(0x000000ba31c00000,0x000000ba31d00000) (1024K)]
  0x000001fa6197bab0 JavaThread "Timer-698"                         [_thread_blocked, id=28680, stack(0x000000ba31e00000,0x000000ba31f00000) (1024K)]
  0x000001fa6306fac0 JavaThread "Timer-699"                         [_thread_blocked, id=19860, stack(0x000000ba31d00000,0x000000ba31e00000) (1024K)]
  0x000001fa63070e70 JavaThread "Timer-700"                         [_thread_blocked, id=2704, stack(0x000000ba31f00000,0x000000ba32000000) (1024K)]
  0x000001fa6306e080 JavaThread "Timer-701"                         [_thread_blocked, id=19864, stack(0x000000ba32000000,0x000000ba32100000) (1024K)]
  0x000001fa6306e710 JavaThread "Timer-702"                         [_thread_blocked, id=28776, stack(0x000000ba32200000,0x000000ba32300000) (1024K)]
  0x000001fa63071500 JavaThread "Timer-703"                         [_thread_blocked, id=26156, stack(0x000000ba32100000,0x000000ba32200000) (1024K)]
  0x000001fa630707e0 JavaThread "Worker-866: Initialize workspace"        [_thread_blocked, id=11304, stack(0x000000ba31800000,0x000000ba31900000) (1024K)]
  0x000001fa63072220 JavaThread "Timer-704"                         [_thread_blocked, id=21824, stack(0x000000ba32400000,0x000000ba32500000) (1024K)]
  0x000001fa6306eda0 JavaThread "Timer-705"                         [_thread_blocked, id=6744, stack(0x000000ba32500000,0x000000ba32600000) (1024K)]
  0x000001fa630728b0 JavaThread "Timer-706"                         [_thread_blocked, id=31964, stack(0x000000ba32700000,0x000000ba32800000) (1024K)]
  0x000001fa6306f430 JavaThread "Timer-707"                         [_thread_blocked, id=24920, stack(0x000000ba32600000,0x000000ba32700000) (1024K)]
  0x000001fa63073c60 JavaThread "Timer-708"                         [_thread_blocked, id=27392, stack(0x000000ba32800000,0x000000ba32900000) (1024K)]
  0x000001fa63072f40 JavaThread "Timer-709"                         [_thread_blocked, id=24676, stack(0x000000ba32900000,0x000000ba32a00000) (1024K)]
  0x000001fa630742f0 JavaThread "Timer-710"                         [_thread_blocked, id=8736, stack(0x000000ba32b00000,0x000000ba32c00000) (1024K)]
  0x000001fa63075d30 JavaThread "Timer-711"                         [_thread_blocked, id=4824, stack(0x000000ba32d00000,0x000000ba32e00000) (1024K)]
  0x000001fa630735d0 JavaThread "Worker-886: Initialize workspace"        [_thread_blocked, id=6044, stack(0x000000ba32300000,0x000000ba32400000) (1024K)]
  0x000001fa630763c0 JavaThread "Timer-712"                         [_thread_blocked, id=24036, stack(0x000000ba32c00000,0x000000ba32d00000) (1024K)]
  0x000001fa63076a50 JavaThread "Timer-713"                         [_thread_blocked, id=26364, stack(0x000000ba32e00000,0x000000ba32f00000) (1024K)]
  0x000001fa63077e00 JavaThread "Timer-714"                         [_thread_blocked, id=21604, stack(0x000000ba33000000,0x000000ba33100000) (1024K)]
  0x000001fa63074980 JavaThread "Timer-715"                         [_thread_blocked, id=30732, stack(0x000000ba32f00000,0x000000ba33000000) (1024K)]
  0x000001fa630770e0 JavaThread "Timer-716"                         [_thread_blocked, id=19004, stack(0x000000ba33200000,0x000000ba33300000) (1024K)]
  0x000001fa63078490 JavaThread "Timer-717"                         [_thread_blocked, id=4516, stack(0x000000ba33100000,0x000000ba33200000) (1024K)]
  0x000001fa63077770 JavaThread "Timer-718"                         [_thread_blocked, id=8828, stack(0x000000ba33500000,0x000000ba33600000) (1024K)]
  0x000001fa63079840 JavaThread "Timer-719"                         [_thread_blocked, id=31696, stack(0x000000ba33400000,0x000000ba33500000) (1024K)]
  0x000001fa63075010 JavaThread "Worker-905: Initialize workspace"        [_thread_blocked, id=9580, stack(0x000000ba32a00000,0x000000ba32b00000) (1024K)]
  0x000001fa63078b20 JavaThread "Timer-720"                         [_thread_blocked, id=26236, stack(0x000000ba33600000,0x000000ba33700000) (1024K)]
  0x000001fa630756a0 JavaThread "Timer-721"                         [_thread_blocked, id=30176, stack(0x000000ba33700000,0x000000ba33800000) (1024K)]
  0x000001fa6307b280 JavaThread "Timer-722"                         [_thread_blocked, id=25488, stack(0x000000ba33900000,0x000000ba33a00000) (1024K)]
  0x000001fa63079ed0 JavaThread "Timer-723"                         [_thread_blocked, id=28900, stack(0x000000ba33800000,0x000000ba33900000) (1024K)]
  0x000001fa6307b910 JavaThread "Timer-724"                         [_thread_blocked, id=3548, stack(0x000000ba33b00000,0x000000ba33c00000) (1024K)]
  0x000001fa6307c630 JavaThread "Timer-725"                         [_thread_blocked, id=30824, stack(0x000000ba33a00000,0x000000ba33b00000) (1024K)]
  0x000001fa6307abf0 JavaThread "Timer-726"                         [_thread_blocked, id=18076, stack(0x000000ba33d00000,0x000000ba33e00000) (1024K)]
  0x000001fa6307d9e0 JavaThread "Timer-727"                         [_thread_blocked, id=26988, stack(0x000000ba33f00000,0x000000ba34000000) (1024K)]
  0x000001fa63071b90 JavaThread "Worker-926: Initialize workspace"        [_thread_blocked, id=12788, stack(0x000000ba33300000,0x000000ba33400000) (1024K)]
  0x000001fa6307bfa0 JavaThread "Timer-728"                         [_thread_blocked, id=27356, stack(0x000000ba33e00000,0x000000ba33f00000) (1024K)]
  0x000001fa630791b0 JavaThread "Timer-729"                         [_thread_blocked, id=17808, stack(0x000000ba34000000,0x000000ba34100000) (1024K)]
  0x000001fa6307e070 JavaThread "Timer-730"                         [_thread_blocked, id=17900, stack(0x000000ba34100000,0x000000ba34200000) (1024K)]
  0x000001fa6307e700 JavaThread "Timer-731"                         [_thread_blocked, id=6120, stack(0x000000ba34200000,0x000000ba34300000) (1024K)]
  0x000001fa63080140 JavaThread "Timer-732"                         [_thread_blocked, id=17448, stack(0x000000ba34300000,0x000000ba34400000) (1024K)]
  0x000001fa6307ccc0 JavaThread "Timer-733"                         [_thread_blocked, id=3444, stack(0x000000ba34400000,0x000000ba34500000) (1024K)]
  0x000001fa6307fab0 JavaThread "Timer-734"                         [_thread_blocked, id=27916, stack(0x000000ba34700000,0x000000ba34800000) (1024K)]
  0x000001fa630807d0 JavaThread "Timer-735"                         [_thread_blocked, id=22616, stack(0x000000ba34800000,0x000000ba34900000) (1024K)]
  0x000001fa63070150 JavaThread "Worker-946: Initialize workspace"        [_thread_blocked, id=24864, stack(0x000000ba01000000,0x000000ba01100000) (1024K)]
  0x000001fa6307d350 JavaThread "Timer-736"                         [_thread_blocked, id=7444, stack(0x000000ba34600000,0x000000ba34700000) (1024K)]
  0x000001fa63082210 JavaThread "Timer-737"                         [_thread_blocked, id=19124, stack(0x000000ba34900000,0x000000ba34a00000) (1024K)]
  0x000001fa63080e60 JavaThread "Timer-738"                         [_thread_blocked, id=23652, stack(0x000000ba34a00000,0x000000ba34b00000) (1024K)]
  0x000001fa6307f420 JavaThread "Timer-739"                         [_thread_blocked, id=9272, stack(0x000000ba34b00000,0x000000ba34c00000) (1024K)]
  0x000001fa63083c50 JavaThread "Timer-740"                         [_thread_blocked, id=21100, stack(0x000000ba34c00000,0x000000ba34d00000) (1024K)]
  0x000001fa630835c0 JavaThread "Timer-741"                         [_thread_blocked, id=20984, stack(0x000000ba34d00000,0x000000ba34e00000) (1024K)]
  0x000001fa630842e0 JavaThread "Timer-742"                         [_thread_blocked, id=20128, stack(0x000000ba34e00000,0x000000ba34f00000) (1024K)]
  0x000001fa63085000 JavaThread "Timer-743"                         [_thread_blocked, id=18312, stack(0x000000ba35100000,0x000000ba35200000) (1024K)]
  0x000001fa63081b80 JavaThread "Worker-966: Initialize workspace"        [_thread_blocked, id=27456, stack(0x000000ba34500000,0x000000ba34600000) (1024K)]
  0x000001fa6307ed90 JavaThread "Timer-744"                         [_thread_blocked, id=6428, stack(0x000000ba35000000,0x000000ba35100000) (1024K)]
  0x000001fa63084970 JavaThread "Timer-745"                         [_thread_blocked, id=19972, stack(0x000000ba35200000,0x000000ba35300000) (1024K)]
  0x000001fa63082f30 JavaThread "Timer-746"                         [_thread_blocked, id=13332, stack(0x000000ba35400000,0x000000ba35500000) (1024K)]
  0x000001fa630828a0 JavaThread "Timer-747"                         [_thread_blocked, id=16296, stack(0x000000ba35300000,0x000000ba35400000) (1024K)]
  0x000001fa63087df0 JavaThread "Timer-748"                         [_thread_blocked, id=23720, stack(0x000000ba35700000,0x000000ba35800000) (1024K)]
  0x000001fa630863b0 JavaThread "Timer-749"                         [_thread_blocked, id=27832, stack(0x000000ba35500000,0x000000ba35600000) (1024K)]
  0x000001fa63085690 JavaThread "Timer-750"                         [_thread_blocked, id=26204, stack(0x000000ba35800000,0x000000ba35900000) (1024K)]
  0x000001fa630870d0 JavaThread "Timer-751"                         [_thread_blocked, id=16172, stack(0x000000ba35a00000,0x000000ba35b00000) (1024K)]
  0x000001fa630814f0 JavaThread "Worker-985: Initialize workspace"        [_thread_blocked, id=27556, stack(0x000000ba34f00000,0x000000ba35000000) (1024K)]
  0x000001fa63086a40 JavaThread "Timer-752"                         [_thread_blocked, id=28416, stack(0x000000ba35900000,0x000000ba35a00000) (1024K)]
  0x000001fa6308b270 JavaThread "Timer-753"                         [_thread_blocked, id=15704, stack(0x000000ba35b00000,0x000000ba35c00000) (1024K)]
  0x000001fa6308abe0 JavaThread "Timer-754"                         [_thread_blocked, id=14764, stack(0x000000ba35d00000,0x000000ba35e00000) (1024K)]
  0x000001fa63088b10 JavaThread "Timer-755"                         [_thread_blocked, id=25904, stack(0x000000ba35c00000,0x000000ba35d00000) (1024K)]
  0x000001fa6308a550 JavaThread "Timer-756"                         [_thread_blocked, id=11708, stack(0x000000ba35f00000,0x000000ba36000000) (1024K)]
  0x000001fa6308b900 JavaThread "Timer-757"                         [_thread_blocked, id=12312, stack(0x000000ba35e00000,0x000000ba35f00000) (1024K)]
  0x000001fa63088480 JavaThread "Timer-758"                         [_thread_blocked, id=33576, stack(0x000000ba36100000,0x000000ba36200000) (1024K)]
  0x000001fa63089830 JavaThread "Timer-759"                         [_thread_blocked, id=22952, stack(0x000000ba36400000,0x000000ba36500000) (1024K)]
  0x000001fa63087760 JavaThread "Worker-1006: Initialize workspace"        [_thread_blocked, id=9808, stack(0x000000ba35600000,0x000000ba35700000) (1024K)]
  0x000001fa6308bf90 JavaThread "Timer-760"                         [_thread_blocked, id=27928, stack(0x000000ba36200000,0x000000ba36300000) (1024K)]
  0x000001fa6308c620 JavaThread "Timer-761"                         [_thread_blocked, id=19412, stack(0x000000ba36300000,0x000000ba36400000) (1024K)]
  0x000001fa630891a0 JavaThread "Timer-762"                         [_thread_blocked, id=10192, stack(0x000000ba36600000,0x000000ba36700000) (1024K)]
  0x000001fa6308d9d0 JavaThread "Timer-763"                         [_thread_blocked, id=4596, stack(0x000000ba36500000,0x000000ba36600000) (1024K)]
  0x000001fa6308faa0 JavaThread "Timer-764"                         [_thread_blocked, id=27632, stack(0x000000ba36800000,0x000000ba36900000) (1024K)]
  0x000001fa63090130 JavaThread "Timer-765"                         [_thread_blocked, id=31108, stack(0x000000ba36700000,0x000000ba36800000) (1024K)]
  0x000001fa6308ccb0 JavaThread "Timer-766"                         [_thread_blocked, id=16624, stack(0x000000ba36a00000,0x000000ba36b00000) (1024K)]
  0x000001fa630907c0 JavaThread "Timer-767"                         [_thread_blocked, id=5100, stack(0x000000ba36c00000,0x000000ba36d00000) (1024K)]
  0x000001fa63085d20 JavaThread "Worker-1025: Initialize workspace"        [_thread_blocked, id=17680, stack(0x000000ba36000000,0x000000ba36100000) (1024K)]
  0x000001fa63089ec0 JavaThread "Timer-768"                         [_thread_blocked, id=31176, stack(0x000000ba36b00000,0x000000ba36c00000) (1024K)]
  0x000001fa63090e50 JavaThread "Timer-769"                         [_thread_blocked, id=15380, stack(0x000000ba36d00000,0x000000ba36e00000) (1024K)]
  0x000001fa6308e6f0 JavaThread "Timer-770"                         [_thread_blocked, id=26928, stack(0x000000ba36e00000,0x000000ba36f00000) (1024K)]
  0x000001fa630914e0 JavaThread "Timer-771"                         [_thread_blocked, id=30064, stack(0x000000ba36f00000,0x000000ba37000000) (1024K)]
  0x000001fa6308e060 JavaThread "Timer-772"                         [_thread_blocked, id=23184, stack(0x000000ba37100000,0x000000ba37200000) (1024K)]
  0x000001fa63091b70 JavaThread "Timer-773"                         [_thread_blocked, id=31044, stack(0x000000ba37000000,0x000000ba37100000) (1024K)]
  0x000001fa6308ed80 JavaThread "Timer-774"                         [_thread_blocked, id=18528, stack(0x000000ba37300000,0x000000ba37400000) (1024K)]
  0x000001fa630942d0 JavaThread "Timer-775"                         [_thread_blocked, id=29376, stack(0x000000ba37600000,0x000000ba37700000) (1024K)]
  0x000001fa6308f410 JavaThread "Worker-1047: Initialize workspace"        [_thread_blocked, id=17620, stack(0x000000ba36900000,0x000000ba36a00000) (1024K)]
  0x000001fa63094ff0 JavaThread "Timer-776"                         [_thread_blocked, id=24460, stack(0x000000ba37400000,0x000000ba37500000) (1024K)]
  0x000001fa63092200 JavaThread "Timer-777"                         [_thread_blocked, id=26264, stack(0x000000ba37500000,0x000000ba37600000) (1024K)]
  0x000001fa63094960 JavaThread "Timer-778"                         [_thread_blocked, id=31704, stack(0x000000ba37800000,0x000000ba37900000) (1024K)]
  0x000001fa63092f20 JavaThread "Timer-779"                         [_thread_blocked, id=31900, stack(0x000000ba37700000,0x000000ba37800000) (1024K)]
  0x000001fa63095d10 JavaThread "Timer-780"                         [_thread_blocked, id=25296, stack(0x000000ba37a00000,0x000000ba37b00000) (1024K)]
  0x000001fa630935b0 JavaThread "Timer-781"                         [_thread_blocked, id=23276, stack(0x000000ba37900000,0x000000ba37a00000) (1024K)]
  0x000001fa63095680 JavaThread "Timer-782"                         [_thread_blocked, id=25804, stack(0x000000ba37d00000,0x000000ba37e00000) (1024K)]
  0x000001fa630963a0 JavaThread "Timer-783"                         [_thread_blocked, id=22824, stack(0x000000ba37e00000,0x000000ba37f00000) (1024K)]
  0x000001fa6308d340 JavaThread "Worker-1067: Initialize workspace"        [_thread_blocked, id=27476, stack(0x000000ba37200000,0x000000ba37300000) (1024K)]
  0x000001fa63096a30 JavaThread "Timer-784"                         [_thread_blocked, id=29584, stack(0x000000ba37c00000,0x000000ba37d00000) (1024K)]
  0x000001fa630970c0 JavaThread "Timer-785"                         [_thread_blocked, id=3144, stack(0x000000ba37f00000,0x000000ba38000000) (1024K)]
  0x000001fa63093c40 JavaThread "Timer-786"                         [_thread_blocked, id=10696, stack(0x000000ba38100000,0x000000ba38200000) (1024K)]
  0x000001fa63099190 JavaThread "Timer-787"                         [_thread_blocked, id=19480, stack(0x000000ba38000000,0x000000ba38100000) (1024K)]
  0x000001fa63098470 JavaThread "Timer-788"                         [_thread_blocked, id=23996, stack(0x000000ba38300000,0x000000ba38400000) (1024K)]
  0x000001fa63097750 JavaThread "Timer-789"                         [_thread_blocked, id=6124, stack(0x000000ba38200000,0x000000ba38300000) (1024K)]
  0x000001fa6309a540 JavaThread "Timer-790"                         [_thread_blocked, id=24056, stack(0x000000ba38400000,0x000000ba38500000) (1024K)]
  0x000001fa63098b00 JavaThread "Timer-791"                         [_thread_blocked, id=21808, stack(0x000000ba38800000,0x000000ba38900000) (1024K)]
  0x000001fa63099820 JavaThread "Worker-1089: Initialize workspace"        [_thread_blocked, id=23664, stack(0x000000ba37b00000,0x000000ba37c00000) (1024K)]
  0x000001fa6309b260 JavaThread "Timer-792"                         [_thread_blocked, id=29024, stack(0x000000ba38600000,0x000000ba38700000) (1024K)]
  0x000001fa63097de0 JavaThread "Timer-793"                         [_thread_blocked, id=6888, stack(0x000000ba38700000,0x000000ba38800000) (1024K)]
  0x000001fa6309e050 JavaThread "Timer-794"                         [_thread_blocked, id=28656, stack(0x000000ba38a00000,0x000000ba38b00000) (1024K)]
  0x000001fa6309e6e0 JavaThread "Timer-795"                         [_thread_blocked, id=16940, stack(0x000000ba38900000,0x000000ba38a00000) (1024K)]
  0x000001fa6309d330 JavaThread "Timer-796"                         [_thread_blocked, id=24360, stack(0x000000ba38c00000,0x000000ba38d00000) (1024K)]
  0x000001fa6309cca0 JavaThread "Timer-797"                         [_thread_blocked, id=27740, stack(0x000000ba38b00000,0x000000ba38c00000) (1024K)]
  0x000001fa6309b8f0 JavaThread "Timer-798"                         [_thread_blocked, id=17188, stack(0x000000ba38e00000,0x000000ba38f00000) (1024K)]
  0x000001fa6309c610 JavaThread "Timer-799"                         [_thread_blocked, id=22180, stack(0x000000ba39000000,0x000000ba39100000) (1024K)]
  0x000001fa63099eb0 JavaThread "Worker-1108: Initialize workspace"        [_thread_blocked, id=26996, stack(0x000000ba38500000,0x000000ba38600000) (1024K)]
  0x000001fa6309ed70 JavaThread "Timer-800"                         [_thread_blocked, id=28012, stack(0x000000ba38f00000,0x000000ba39000000) (1024K)]
  0x000001fa6309f400 JavaThread "Timer-801"                         [_thread_blocked, id=28172, stack(0x000000ba39100000,0x000000ba39200000) (1024K)]
  0x000001fa6309bf80 JavaThread "Timer-802"                         [_thread_blocked, id=2196, stack(0x000000ba39200000,0x000000ba39300000) (1024K)]
  0x000001fa6309fa90 JavaThread "Timer-803"                         [_thread_blocked, id=20148, stack(0x000000ba39300000,0x000000ba39400000) (1024K)]
  0x000001fa630a14d0 JavaThread "Timer-804"                         [_thread_blocked, id=6916, stack(0x000000ba39500000,0x000000ba39600000) (1024K)]
  0x000001fa630a1b60 JavaThread "Timer-805"                         [_thread_blocked, id=24396, stack(0x000000ba39400000,0x000000ba39500000) (1024K)]
  0x000001fa630a21f0 JavaThread "Timer-806"                         [_thread_blocked, id=29580, stack(0x000000ba39700000,0x000000ba39800000) (1024K)]
  0x000001fa630a0e40 JavaThread "Timer-807"                         [_thread_blocked, id=15488, stack(0x000000ba39900000,0x000000ba39a00000) (1024K)]
  0x000001fa630a0120 JavaThread "Worker-1128: Initialize workspace"        [_thread_blocked, id=20988, stack(0x000000ba38d00000,0x000000ba38e00000) (1024K)]
  0x000001fa630a2880 JavaThread "Timer-808"                         [_thread_blocked, id=15792, stack(0x000000ba39800000,0x000000ba39900000) (1024K)]
  0x000001fa630a5670 JavaThread "Timer-809"                         [_thread_blocked, id=18000, stack(0x000000ba39a00000,0x000000ba39b00000) (1024K)]
  0x000001fa630a2f10 JavaThread "Timer-810"                         [_thread_blocked, id=10536, stack(0x000000ba39b00000,0x000000ba39c00000) (1024K)]
  0x000001fa630a42c0 JavaThread "Timer-811"                         [_thread_blocked, id=11976, stack(0x000000ba39c00000,0x000000ba39d00000) (1024K)]
  0x000001fa630a4fe0 JavaThread "Timer-812"                         [_thread_blocked, id=18656, stack(0x000000ba39e00000,0x000000ba39f00000) (1024K)]
  0x000001fa630a5d00 JavaThread "Timer-813"                         [_thread_blocked, id=27848, stack(0x000000ba39d00000,0x000000ba39e00000) (1024K)]
  0x000001fa630a6390 JavaThread "Timer-814"                         [_thread_blocked, id=3908, stack(0x000000ba3a000000,0x000000ba3a100000) (1024K)]
  0x000001fa630a70b0 JavaThread "Timer-815"                         [_thread_blocked, id=29784, stack(0x000000ba3a200000,0x000000ba3a300000) (1024K)]
  0x000001fa6309d9c0 JavaThread "Worker-1149: Initialize workspace"        [_thread_blocked, id=11084, stack(0x000000ba39600000,0x000000ba39700000) (1024K)]
  0x000001fa630a4950 JavaThread "Timer-816"                         [_thread_blocked, id=24512, stack(0x000000ba39f00000,0x000000ba3a000000) (1024K)]
  0x000001fa630a6a20 JavaThread "Timer-817"                         [_thread_blocked, id=6340, stack(0x000000ba3a300000,0x000000ba3a400000) (1024K)]
  0x000001fa630a3c30 JavaThread "Timer-818"                         [_thread_blocked, id=12912, stack(0x000000ba3a500000,0x000000ba3a600000) (1024K)]
  0x000001fa630a8460 JavaThread "Timer-819"                         [_thread_blocked, id=30396, stack(0x000000ba3a400000,0x000000ba3a500000) (1024K)]
  0x000001fa630aa530 JavaThread "Timer-820"                         [_thread_blocked, id=26836, stack(0x000000ba3a700000,0x000000ba3a800000) (1024K)]
  0x000001fa630a7dd0 JavaThread "Timer-821"                         [_thread_blocked, id=8980, stack(0x000000ba3a600000,0x000000ba3a700000) (1024K)]
  0x000001fa630a9180 JavaThread "Timer-822"                         [_thread_blocked, id=18948, stack(0x000000ba3a800000,0x000000ba3a900000) (1024K)]
  0x000001fa630a7740 JavaThread "Timer-823"                         [_thread_blocked, id=20796, stack(0x000000ba3ab00000,0x000000ba3ac00000) (1024K)]
  0x000001fa630aabc0 JavaThread "Worker-1170: Initialize workspace"        [_thread_blocked, id=9560, stack(0x000000ba3a900000,0x000000ba3aa00000) (1024K)]
  0x000001fa630a8af0 JavaThread "Timer-824"                         [_thread_blocked, id=24324, stack(0x000000ba3aa00000,0x000000ba3ab00000) (1024K)]
  0x000001fa630ab8e0 JavaThread "Timer-825"                         [_thread_blocked, id=16820, stack(0x000000ba3ac00000,0x000000ba3ad00000) (1024K)]
  0x000001fa630ab250 JavaThread "Timer-826"                         [_thread_blocked, id=25456, stack(0x000000ba3ae00000,0x000000ba3af00000) (1024K)]
  0x000001fa630abf70 JavaThread "Timer-827"                         [_thread_blocked, id=29452, stack(0x000000ba3ad00000,0x000000ba3ae00000) (1024K)]
  0x000001fa630ac600 JavaThread "Timer-828"                         [_thread_blocked, id=16040, stack(0x000000ba3b100000,0x000000ba3b200000) (1024K)]
  0x000001fa630a9ea0 JavaThread "Timer-829"                         [_thread_blocked, id=28524, stack(0x000000ba3af00000,0x000000ba3b000000) (1024K)]
  0x000001fa630acc90 JavaThread "Timer-830"                         [_thread_blocked, id=18268, stack(0x000000ba3b200000,0x000000ba3b300000) (1024K)]
  0x000001fa630ae6d0 JavaThread "Timer-831"                         [_thread_blocked, id=25308, stack(0x000000ba3b400000,0x000000ba3b500000) (1024K)]
  0x000001fa630a9810 JavaThread "Worker-1191: Initialize workspace"        [_thread_blocked, id=11288, stack(0x000000ba3a100000,0x000000ba3a200000) (1024K)]
  0x000001fa630ae040 JavaThread "Timer-832"                         [_thread_blocked, id=29380, stack(0x000000ba3b300000,0x000000ba3b400000) (1024K)]
  0x000001fa6307a560 JavaThread "Timer-833"                         [_thread_blocked, id=33636, stack(0x000000ba3b500000,0x000000ba3b600000) (1024K)]
  0x000001fa63092890 JavaThread "Timer-834"                         [_thread_blocked, id=14892, stack(0x000000ba3b600000,0x000000ba3b700000) (1024K)]
  0x000001fa630ad9b0 JavaThread "Timer-835"                         [_thread_blocked, id=17896, stack(0x000000ba3b700000,0x000000ba3b800000) (1024K)]
  0x000001fa62a58330 JavaThread "Timer-836"                         [_thread_blocked, id=23532, stack(0x000000ba3ba00000,0x000000ba3bb00000) (1024K)]
  0x000001fa62412610 JavaThread "Timer-837"                         [_thread_blocked, id=26508, stack(0x000000ba3b800000,0x000000ba3b900000) (1024K)]
  0x000001fa62df2380 JavaThread "Timer-838"                         [_thread_blocked, id=18760, stack(0x000000ba3bb00000,0x000000ba3bc00000) (1024K)]
  0x000001fa62df4450 JavaThread "Timer-839"                         [_thread_blocked, id=19824, stack(0x000000ba3bd00000,0x000000ba3be00000) (1024K)]
  0x000001fa62df30a0 JavaThread "Worker-1211: Initialize workspace"        [_thread_blocked, id=20884, stack(0x000000ba3b000000,0x000000ba3b100000) (1024K)]
  0x000001fa62df4ae0 JavaThread "Timer-840"                         [_thread_blocked, id=13100, stack(0x000000ba3bc00000,0x000000ba3bd00000) (1024K)]
  0x000001fa62df5170 JavaThread "Timer-841"                         [_thread_blocked, id=18060, stack(0x000000ba3be00000,0x000000ba3bf00000) (1024K)]
  0x000001fa62df3dc0 JavaThread "Timer-842"                         [_thread_blocked, id=31820, stack(0x000000ba3c000000,0x000000ba3c100000) (1024K)]
  0x000001fa62df2a10 JavaThread "Timer-843"                         [_thread_blocked, id=28848, stack(0x000000ba3bf00000,0x000000ba3c000000) (1024K)]
  0x000001fa62df6bb0 JavaThread "Timer-844"                         [_thread_blocked, id=25780, stack(0x000000ba3c200000,0x000000ba3c300000) (1024K)]
  0x000001fa62df3730 JavaThread "Timer-845"                         [_thread_blocked, id=28640, stack(0x000000ba3c100000,0x000000ba3c200000) (1024K)]
  0x000001fa62df99a0 JavaThread "Timer-846"                         [_thread_blocked, id=32520, stack(0x000000ba3c300000,0x000000ba3c400000) (1024K)]
  0x000001fa62df6520 JavaThread "Timer-847"                         [_thread_blocked, id=9256, stack(0x000000ba3c700000,0x000000ba3c800000) (1024K)]
  0x000001fa62df8c80 JavaThread "Worker-1232: Initialize workspace"        [_thread_blocked, id=10692, stack(0x000000ba3b900000,0x000000ba3ba00000) (1024K)]
  0x000001fa62df7f60 JavaThread "Timer-848"                         [_thread_blocked, id=12016, stack(0x000000ba3c500000,0x000000ba3c600000) (1024K)]
  0x000001fa62df85f0 JavaThread "Timer-849"                         [_thread_blocked, id=9904, stack(0x000000ba3c600000,0x000000ba3c700000) (1024K)]
  0x000001fa62df9310 JavaThread "Timer-850"                         [_thread_blocked, id=22436, stack(0x000000ba3ca00000,0x000000ba3cb00000) (1024K)]
  0x000001fa62df5800 JavaThread "Timer-851"                         [_thread_blocked, id=21700, stack(0x000000ba3c800000,0x000000ba3c900000) (1024K)]
  0x000001fa62df5e90 JavaThread "Timer-852"                         [_thread_blocked, id=19688, stack(0x000000ba3cb00000,0x000000ba3cc00000) (1024K)]
  0x000001fa62dfad50 JavaThread "Timer-853"                         [_thread_blocked, id=33696, stack(0x000000ba3c900000,0x000000ba3ca00000) (1024K)]
  0x000001fa62dfba70 JavaThread "Timer-854"                         [_thread_blocked, id=17104, stack(0x000000ba3cd00000,0x000000ba3ce00000) (1024K)]
  0x000001fa62dfd4b0 JavaThread "Timer-855"                         [_thread_blocked, id=10044, stack(0x000000ba3cc00000,0x000000ba3cd00000) (1024K)]
  0x000001fa62df7240 JavaThread "Worker-1251: Initialize workspace"        [_thread_blocked, id=13428, stack(0x000000ba3c400000,0x000000ba3c500000) (1024K)]
  0x000001fa62dfc100 JavaThread "Timer-856"                         [_thread_blocked, id=25680, stack(0x000000ba3cf00000,0x000000ba3d000000) (1024K)]
  0x000001fa62dfb3e0 JavaThread "Timer-857"                         [_thread_blocked, id=31740, stack(0x000000ba3d000000,0x000000ba3d100000) (1024K)]
  0x000001fa62dfc790 JavaThread "Timer-858"                         [_thread_blocked, id=12568, stack(0x000000ba3d200000,0x000000ba3d300000) (1024K)]
  0x000001fa62dfa6c0 JavaThread "Timer-859"                         [_thread_blocked, id=29228, stack(0x000000ba3d100000,0x000000ba3d200000) (1024K)]
  0x000001fa62dfeef0 JavaThread "Timer-860"                         [_thread_blocked, id=21004, stack(0x000000ba3d400000,0x000000ba3d500000) (1024K)]
  0x000001fa62dffc10 JavaThread "Timer-861"                         [_thread_blocked, id=22908, stack(0x000000ba3d300000,0x000000ba3d400000) (1024K)]
  0x000001fa62dfce20 JavaThread "Timer-862"                         [_thread_blocked, id=23380, stack(0x000000ba3d500000,0x000000ba3d600000) (1024K)]
  0x000001fa62e00fc0 JavaThread "Timer-863"                         [_thread_blocked, id=10272, stack(0x000000ba3d800000,0x000000ba3d900000) (1024K)]
  0x000001fa62dfa030 JavaThread "Worker-1270: Initialize workspace"        [_thread_blocked, id=26828, stack(0x000000ba3ce00000,0x000000ba3cf00000) (1024K)]
  0x000001fa62e00930 JavaThread "Timer-864"                         [_thread_blocked, id=18868, stack(0x000000ba3d700000,0x000000ba3d800000) (1024K)]
  0x000001fa62dff580 JavaThread "Timer-865"                         [_thread_blocked, id=6288, stack(0x000000ba3d900000,0x000000ba3da00000) (1024K)]
  0x000001fa62e01650 JavaThread "Timer-866"                         [_thread_blocked, id=32616, stack(0x000000ba3db00000,0x000000ba3dc00000) (1024K)]
  0x000001fa62dfe1d0 JavaThread "Timer-867"                         [_thread_blocked, id=22548, stack(0x000000ba3da00000,0x000000ba3db00000) (1024K)]
  0x000001fa62e01ce0 JavaThread "Timer-868"                         [_thread_blocked, id=13852, stack(0x000000ba3dd00000,0x000000ba3de00000) (1024K)]
  0x000001fa62e002a0 JavaThread "Timer-869"                         [_thread_blocked, id=23304, stack(0x000000ba3dc00000,0x000000ba3dd00000) (1024K)]
  0x000001fa62dfe860 JavaThread "Timer-870"                         [_thread_blocked, id=27052, stack(0x000000ba3df00000,0x000000ba3e000000) (1024K)]
  0x000001fa62e057f0 JavaThread "Timer-871"                         [_thread_blocked, id=29444, stack(0x000000ba3de00000,0x000000ba3df00000) (1024K)]
  0x000001fa62dfdb40 JavaThread "Worker-1292: Initialize workspace"        [_thread_blocked, id=7300, stack(0x000000ba3d600000,0x000000ba3d700000) (1024K)]
  0x000001fa62e04440 JavaThread "Timer-872"                         [_thread_blocked, id=21460, stack(0x000000ba3e300000,0x000000ba3e400000) (1024K)]
  0x000001fa62e04ad0 JavaThread "Timer-873"                         [_thread_blocked, id=4836, stack(0x000000ba3e400000,0x000000ba3e500000) (1024K)]
  0x000001fa62e02370 JavaThread "Timer-874"                         [_thread_blocked, id=13356, stack(0x000000ba3e700000,0x000000ba3e800000) (1024K)]
  0x000001fa62e05e80 JavaThread "Timer-875"                         [_thread_blocked, id=25060, stack(0x000000ba3e500000,0x000000ba3e600000) (1024K)]
  0x000001fa62e03090 JavaThread "Timer-876"                         [_thread_blocked, id=9468, stack(0x000000ba3e800000,0x000000ba3e900000) (1024K)]
  0x000001fa62e03db0 JavaThread "Timer-877"                         [_thread_blocked, id=7968, stack(0x000000ba3e600000,0x000000ba3e700000) (1024K)]
  0x000001fa62e02a00 JavaThread "Timer-878"                         [_thread_blocked, id=17828, stack(0x000000ba3ea00000,0x000000ba3eb00000) (1024K)]
  0x000001fa62e03720 JavaThread "Timer-879"                         [_thread_blocked, id=6964, stack(0x000000ba3ec00000,0x000000ba3ed00000) (1024K)]
  0x000001fa62e06510 JavaThread "Worker-1313: Initialize workspace"        [_thread_blocked, id=22020, stack(0x000000ba3e200000,0x000000ba3e300000) (1024K)]
  0x000001fa62e07230 JavaThread "Timer-880"                         [_thread_blocked, id=13796, stack(0x000000ba3eb00000,0x000000ba3ec00000) (1024K)]
  0x000001fa62e078c0 JavaThread "Timer-881"                         [_thread_blocked, id=26712, stack(0x000000ba3ed00000,0x000000ba3ee00000) (1024K)]
  0x000001fa62e07f50 JavaThread "Timer-882"                         [_thread_blocked, id=33168, stack(0x000000ba3ef00000,0x000000ba3f000000) (1024K)]
  0x000001fa62e05160 JavaThread "Timer-883"                         [_thread_blocked, id=33616, stack(0x000000ba3ee00000,0x000000ba3ef00000) (1024K)]
  0x000001fa62e08c70 JavaThread "Timer-884"                         [_thread_blocked, id=28244, stack(0x000000ba3f000000,0x000000ba3f100000) (1024K)]
  0x000001fa62e09300 JavaThread "Timer-885"                         [_thread_blocked, id=27920, stack(0x000000ba3f100000,0x000000ba3f200000) (1024K)]
  0x000001fa62e085e0 JavaThread "Timer-886"                         [_thread_blocked, id=20144, stack(0x000000ba3f300000,0x000000ba3f400000) (1024K)]
  0x000001fa62e0ad40 JavaThread "Timer-887"                         [_thread_blocked, id=20024, stack(0x000000ba3f500000,0x000000ba3f600000) (1024K)]
  0x000001fa62e09990 JavaThread "Worker-1331: Initialize workspace"        [_thread_blocked, id=17300, stack(0x000000ba3e900000,0x000000ba3ea00000) (1024K)]
  0x000001fa62e06ba0 JavaThread "Timer-888"                         [_thread_blocked, id=18040, stack(0x000000ba3f400000,0x000000ba3f500000) (1024K)]
  0x000001fa62e0a6b0 JavaThread "Timer-889"                         [_thread_blocked, id=20308, stack(0x000000ba3f600000,0x000000ba3f700000) (1024K)]
  0x000001fa62e0b3d0 JavaThread "Timer-890"                         [_thread_blocked, id=24280, stack(0x000000ba3f800000,0x000000ba3f900000) (1024K)]
  0x000001fa62e0ba60 JavaThread "Timer-891"                         [_thread_blocked, id=32932, stack(0x000000ba3f700000,0x000000ba3f800000) (1024K)]
  0x000001fa62e0c0f0 JavaThread "Timer-892"                         [_thread_blocked, id=23828, stack(0x000000ba3f900000,0x000000ba3fa00000) (1024K)]
  0x000001fa62e0f570 JavaThread "Timer-893"                         [_thread_blocked, id=31328, stack(0x000000ba3fa00000,0x000000ba3fb00000) (1024K)]
  0x000001fa62e0e850 JavaThread "Timer-894"                         [_thread_blocked, id=27340, stack(0x000000ba3fb00000,0x000000ba3fc00000) (1024K)]
  0x000001fa62e0d4a0 JavaThread "Timer-895"                         [_thread_blocked, id=27828, stack(0x000000ba3fe00000,0x000000ba3ff00000) (1024K)]
  0x000001fa62e0a020 JavaThread "Worker-1352: Initialize workspace"        [_thread_blocked, id=18316, stack(0x000000ba3f200000,0x000000ba3f300000) (1024K)]
  0x000001fa62e0ce10 JavaThread "Timer-896"                         [_thread_blocked, id=6476, stack(0x000000ba3fd00000,0x000000ba3fe00000) (1024K)]
  0x000001fa62e0c780 JavaThread "Timer-897"                         [_thread_blocked, id=31980, stack(0x000000ba3ff00000,0x000000ba40000000) (1024K)]
  0x000001fa62e0fc00 JavaThread "Timer-898"                         [_thread_blocked, id=30632, stack(0x000000ba40100000,0x000000ba40200000) (1024K)]
  0x000001fa62e0e1c0 JavaThread "Timer-899"                         [_thread_blocked, id=11760, stack(0x000000ba40000000,0x000000ba40100000) (1024K)]
  0x000001fa62e10fb0 JavaThread "Timer-900"                         [_thread_blocked, id=23316, stack(0x000000ba40400000,0x000000ba40500000) (1024K)]
  0x000001fa62e10290 JavaThread "Timer-901"                         [_thread_blocked, id=26628, stack(0x000000ba40200000,0x000000ba40300000) (1024K)]
  0x000001fa62e11640 JavaThread "Timer-902"                         [_thread_blocked, id=3152, stack(0x000000ba40600000,0x000000ba40700000) (1024K)]
  0x000001fa62e15150 JavaThread "Timer-903"                         [_thread_blocked, id=17836, stack(0x000000ba40700000,0x000000ba40800000) (1024K)]
  0x000001fa62e0db30 JavaThread "Worker-1373: Initialize workspace"        [_thread_blocked, id=7416, stack(0x000000ba3fc00000,0x000000ba3fd00000) (1024K)]
  0x000001fa62e12360 JavaThread "Timer-904"                         [_thread_blocked, id=24116, stack(0x000000ba40500000,0x000000ba40600000) (1024K)]
  0x000001fa62e0eee0 JavaThread "Timer-905"                         [_thread_blocked, id=18812, stack(0x000000ba40800000,0x000000ba40900000) (1024K)]
  0x000001fa62e157e0 JavaThread "Timer-906"                         [_thread_blocked, id=10608, stack(0x000000ba40a00000,0x000000ba40b00000) (1024K)]
  0x000001fa62e15e70 JavaThread "Timer-907"                         [_thread_blocked, id=25032, stack(0x000000ba40900000,0x000000ba40a00000) (1024K)]
  0x000001fa62e129f0 JavaThread "Timer-908"                         [_thread_blocked, id=28096, stack(0x000000ba40c00000,0x000000ba40d00000) (1024K)]
  0x000001fa62e13da0 JavaThread "Timer-909"                         [_thread_blocked, id=32236, stack(0x000000ba40b00000,0x000000ba40c00000) (1024K)]
  0x000001fa62e16500 JavaThread "Timer-910"                         [_thread_blocked, id=18992, stack(0x000000ba40e00000,0x000000ba40f00000) (1024K)]
  0x000001fa62e13710 JavaThread "Timer-911"                         [_thread_blocked, id=20896, stack(0x000000ba41000000,0x000000ba41100000) (1024K)]
  0x000001fa62e10920 JavaThread "Worker-1392: Initialize workspace"        [_thread_blocked, id=23536, stack(0x000000ba40300000,0x000000ba40400000) (1024K)]
  0x000001fa62e14ac0 JavaThread "Timer-912"                         [_thread_blocked, id=24548, stack(0x000000ba40f00000,0x000000ba41000000) (1024K)]
  0x000001fa62e11cd0 JavaThread "Timer-913"                         [_thread_blocked, id=7456, stack(0x000000ba41100000,0x000000ba41200000) (1024K)]
  0x000001fa62e178b0 JavaThread "Timer-914"                         [_thread_blocked, id=16508, stack(0x000000ba41300000,0x000000ba41400000) (1024K)]
  0x000001fa62e16b90 JavaThread "Timer-915"                         [_thread_blocked, id=9068, stack(0x000000ba41200000,0x000000ba41300000) (1024K)]
  0x000001fa62e17220 JavaThread "Timer-916"                         [_thread_blocked, id=21128, stack(0x000000ba41500000,0x000000ba41600000) (1024K)]
  0x000001fa62dd7f80 JavaThread "Timer-917"                         [_thread_blocked, id=28072, stack(0x000000ba41400000,0x000000ba41500000) (1024K)]
  0x000001fa62ddad70 JavaThread "Timer-918"                         [_thread_blocked, id=33068, stack(0x000000ba41700000,0x000000ba41800000) (1024K)]
  0x000001fa62ddc120 JavaThread "Timer-919"                         [_thread_blocked, id=10852, stack(0x000000ba41900000,0x000000ba41a00000) (1024K)]
  0x000001fa62e14430 JavaThread "Worker-1414: Initialize workspace"        [_thread_blocked, id=15384, stack(0x000000ba40d00000,0x000000ba40e00000) (1024K)]
  0x000001fa62dd8610 JavaThread "Timer-920"                         [_thread_blocked, id=23312, stack(0x000000ba41800000,0x000000ba41900000) (1024K)]
  0x000001fa62dd8ca0 JavaThread "Timer-921"                         [_thread_blocked, id=33740, stack(0x000000ba41a00000,0x000000ba41b00000) (1024K)]
  0x000001fa62ddc7b0 JavaThread "Timer-922"                         [_thread_blocked, id=1008, stack(0x000000ba41b00000,0x000000ba41c00000) (1024K)]
  0x000001fa62dd9330 JavaThread "Timer-923"                         [_thread_blocked, id=30484, stack(0x000000ba41c00000,0x000000ba41d00000) (1024K)]
  0x000001fa62dd99c0 JavaThread "Timer-924"                         [_thread_blocked, id=20732, stack(0x000000ba41e00000,0x000000ba41f00000) (1024K)]
  0x000001fa62ddce40 JavaThread "Timer-925"                         [_thread_blocked, id=32988, stack(0x000000ba41d00000,0x000000ba41e00000) (1024K)]
  0x000001fa62ddd4d0 JavaThread "Timer-926"                         [_thread_blocked, id=30804, stack(0x000000ba41f00000,0x000000ba42000000) (1024K)]
  0x000001fa62dda6e0 JavaThread "Timer-927"                         [_thread_blocked, id=21956, stack(0x000000ba42300000,0x000000ba42400000) (1024K)]
  0x000001fa62dda050 JavaThread "Worker-1435: Initialize workspace"        [_thread_blocked, id=26000, stack(0x000000ba41600000,0x000000ba41700000) (1024K)]
  0x000001fa62dde1f0 JavaThread "Timer-928"                         [_thread_blocked, id=8448, stack(0x000000ba42100000,0x000000ba42200000) (1024K)]
  0x000001fa62ddba90 JavaThread "Timer-929"                         [_thread_blocked, id=20824, stack(0x000000ba42200000,0x000000ba42300000) (1024K)]
  0x000001fa62ddb400 JavaThread "Timer-930"                         [_thread_blocked, id=18864, stack(0x000000ba42500000,0x000000ba42600000) (1024K)]
  0x000001fa62de02c0 JavaThread "Timer-931"                         [_thread_blocked, id=8520, stack(0x000000ba42400000,0x000000ba42500000) (1024K)]
  0x000001fa62dde880 JavaThread "Timer-932"                         [_thread_blocked, id=25644, stack(0x000000ba42700000,0x000000ba42800000) (1024K)]
  0x000001fa62de0950 JavaThread "Timer-933"                         [_thread_blocked, id=4496, stack(0x000000ba42600000,0x000000ba42700000) (1024K)]
  0x000001fa62ddef10 JavaThread "Timer-934"                         [_thread_blocked, id=28412, stack(0x000000ba42900000,0x000000ba42a00000) (1024K)]
  0x000001fa62ddf5a0 JavaThread "Timer-935"                         [_thread_blocked, id=12520, stack(0x000000ba42b00000,0x000000ba42c00000) (1024K)]
  0x000001fa62ddfc30 JavaThread "Worker-1456: Initialize workspace"        [_thread_blocked, id=22028, stack(0x000000ba42000000,0x000000ba42100000) (1024K)]
  0x000001fa62dddb60 JavaThread "Timer-936"                         [_thread_blocked, id=8648, stack(0x000000ba42a00000,0x000000ba42b00000) (1024K)]
  0x000001fa62de4af0 JavaThread "Timer-937"                         [_thread_blocked, id=1944, stack(0x000000ba42c00000,0x000000ba42d00000) (1024K)]
  0x000001fa62de3740 JavaThread "Timer-938"                         [_thread_blocked, id=19900, stack(0x000000ba42e00000,0x000000ba42f00000) (1024K)]
  0x000001fa62de30b0 JavaThread "Timer-939"                         [_thread_blocked, id=21252, stack(0x000000ba42d00000,0x000000ba42e00000) (1024K)]
  0x000001fa62de1670 JavaThread "Timer-940"                         [_thread_blocked, id=26876, stack(0x000000ba43000000,0x000000ba43100000) (1024K)]
  0x000001fa62de5180 JavaThread "Timer-941"                         [_thread_blocked, id=17684, stack(0x000000ba42f00000,0x000000ba43000000) (1024K)]
  0x000001fa62de3dd0 JavaThread "Timer-942"                         [_thread_blocked, id=31156, stack(0x000000ba43200000,0x000000ba43300000) (1024K)]
  0x000001fa62de5810 JavaThread "Timer-943"                         [_thread_blocked, id=14916, stack(0x000000ba43400000,0x000000ba43500000) (1024K)]
  0x000001fa62de2390 JavaThread "Worker-1476: Initialize workspace"        [_thread_blocked, id=33096, stack(0x000000ba42800000,0x000000ba42900000) (1024K)]
  0x000001fa62de4460 JavaThread "Timer-944"                         [_thread_blocked, id=29028, stack(0x000000ba43300000,0x000000ba43400000) (1024K)]
  0x000001fa62de0fe0 JavaThread "Timer-945"                         [_thread_blocked, id=10180, stack(0x000000ba43500000,0x000000ba43600000) (1024K)]
  0x000001fa62de7f70 JavaThread "Timer-946"                         [_thread_blocked, id=24224, stack(0x000000ba43700000,0x000000ba43800000) (1024K)]
  0x000001fa62de8600 JavaThread "Timer-947"                         [_thread_blocked, id=19300, stack(0x000000ba43600000,0x000000ba43700000) (1024K)]
  0x000001fa62de8c90 JavaThread "Timer-948"                         [_thread_blocked, id=1084, stack(0x000000ba43900000,0x000000ba43a00000) (1024K)]
  0x000001fa62de6530 JavaThread "Timer-949"                         [_thread_blocked, id=8908, stack(0x000000ba43800000,0x000000ba43900000) (1024K)]
  0x000001fa62de7250 JavaThread "Timer-950"                         [_thread_blocked, id=31200, stack(0x000000ba43b00000,0x000000ba43c00000) (1024K)]
  0x000001fa62de78e0 JavaThread "Timer-951"                         [_thread_blocked, id=33312, stack(0x000000ba43d00000,0x000000ba43e00000) (1024K)]
  0x000001fa62de5ea0 JavaThread "Worker-1497: Initialize workspace"        [_thread_blocked, id=17884, stack(0x000000ba43100000,0x000000ba43200000) (1024K)]
  0x000001fa62de9320 JavaThread "Timer-952"                         [_thread_blocked, id=11100, stack(0x000000ba43c00000,0x000000ba43d00000) (1024K)]
  0x000001fa62de99b0 JavaThread "Timer-953"                         [_thread_blocked, id=24836, stack(0x000000ba43e00000,0x000000ba43f00000) (1024K)]
  0x000001fa62dea040 JavaThread "Timer-954"                         [_thread_blocked, id=33340, stack(0x000000ba43f00000,0x000000ba44000000) (1024K)]
  0x000001fa62de6bc0 JavaThread "Timer-955"                         [_thread_blocked, id=24812, stack(0x000000ba44000000,0x000000ba44100000) (1024K)]
  0x000001fa62dead60 JavaThread "Timer-956"                         [_thread_blocked, id=27568, stack(0x000000ba44200000,0x000000ba44300000) (1024K)]
  0x000001fa62dedb50 JavaThread "Timer-957"                         [_thread_blocked, id=1136, stack(0x000000ba44100000,0x000000ba44200000) (1024K)]
  0x000001fa62dece30 JavaThread "Timer-958"                         [_thread_blocked, id=20048, stack(0x000000ba44400000,0x000000ba44500000) (1024K)]
  0x000001fa62deba80 JavaThread "Timer-959"                         [_thread_blocked, id=11448, stack(0x000000ba44600000,0x000000ba44700000) (1024K)]
  0x000001fa62de2a20 JavaThread "Worker-1518: Initialize workspace"        [_thread_blocked, id=13776, stack(0x000000ba43a00000,0x000000ba43b00000) (1024K)]
  0x000001fa62dea6d0 JavaThread "Timer-960"                         [_thread_blocked, id=29088, stack(0x000000ba44500000,0x000000ba44600000) (1024K)]
  0x000001fa62dec7a0 JavaThread "Timer-961"                         [_thread_blocked, id=1784, stack(0x000000ba44700000,0x000000ba44800000) (1024K)]
  0x000001fa62dee1e0 JavaThread "Timer-962"                         [_thread_blocked, id=28400, stack(0x000000ba44900000,0x000000ba44a00000) (1024K)]
  0x000001fa62ded4c0 JavaThread "Timer-963"                         [_thread_blocked, id=27212, stack(0x000000ba44800000,0x000000ba44900000) (1024K)]
  0x000001fa62dee870 JavaThread "Timer-964"                         [_thread_blocked, id=18372, stack(0x000000ba44b00000,0x000000ba44c00000) (1024K)]
  0x000001fa62deef00 JavaThread "Timer-965"                         [_thread_blocked, id=32176, stack(0x000000ba44a00000,0x000000ba44b00000) (1024K)]
  0x000001fa62def590 JavaThread "Timer-966"                         [_thread_blocked, id=21488, stack(0x000000ba44d00000,0x000000ba44e00000) (1024K)]
  0x000001fa62df02b0 JavaThread "Timer-967"                         [_thread_blocked, id=1812, stack(0x000000ba45000000,0x000000ba45100000) (1024K)]
  0x000001fa62deb3f0 JavaThread "Worker-1539: Initialize workspace"        [_thread_blocked, id=27588, stack(0x000000ba44300000,0x000000ba44400000) (1024K)]
  0x000001fa62defc20 JavaThread "Timer-968"                         [_thread_blocked, id=25136, stack(0x000000ba44e00000,0x000000ba44f00000) (1024K)]
  0x000001fa62df0940 JavaThread "Timer-969"                         [_thread_blocked, id=10928, stack(0x000000ba44f00000,0x000000ba45000000) (1024K)]
  0x000001fa62df0fd0 JavaThread "Timer-970"                         [_thread_blocked, id=30492, stack(0x000000ba45200000,0x000000ba45300000) (1024K)]
  0x000001fa62df1660 JavaThread "Timer-971"                         [_thread_blocked, id=21680, stack(0x000000ba45100000,0x000000ba45200000) (1024K)]
  0x000001fa62df78d0 JavaThread "Timer-972"                         [_thread_blocked, id=17880, stack(0x000000ba45400000,0x000000ba45500000) (1024K)]
  0x000001fa62df1cf0 JavaThread "Timer-973"                         [_thread_blocked, id=31836, stack(0x000000ba45300000,0x000000ba45400000) (1024K)]
  0x000001fa62e13080 JavaThread "Timer-974"                         [_thread_blocked, id=4776, stack(0x000000ba45600000,0x000000ba45700000) (1024K)]
  0x000001fa63eaf260 JavaThread "Timer-975"                         [_thread_blocked, id=14844, stack(0x000000ba45900000,0x000000ba45a00000) (1024K)]
  0x000001fa63eaf8f0 JavaThread "Worker-1558: Initialize workspace"        [_thread_blocked, id=13456, stack(0x000000ba44c00000,0x000000ba44d00000) (1024K)]
  0x000001fa63eaff80 JavaThread "Timer-976"                         [_thread_blocked, id=5680, stack(0x000000ba45700000,0x000000ba45800000) (1024K)]
  0x000001fa63eb0610 JavaThread "Timer-977"                         [_thread_blocked, id=6528, stack(0x000000ba45800000,0x000000ba45900000) (1024K)]
  0x000001fa63ead190 JavaThread "Timer-978"                         [_thread_blocked, id=33528, stack(0x000000ba45b00000,0x000000ba45c00000) (1024K)]
  0x000001fa63eadeb0 JavaThread "Timer-979"                         [_thread_blocked, id=14432, stack(0x000000ba45a00000,0x000000ba45b00000) (1024K)]
  0x000001fa63ead820 JavaThread "Timer-980"                         [_thread_blocked, id=32940, stack(0x000000ba45d00000,0x000000ba45e00000) (1024K)]
  0x000001fa63eb0ca0 JavaThread "Timer-981"                         [_thread_blocked, id=23644, stack(0x000000ba45c00000,0x000000ba45d00000) (1024K)]
  0x000001fa63eb1330 JavaThread "Timer-982"                         [_thread_blocked, id=28540, stack(0x000000ba45f00000,0x000000ba46000000) (1024K)]
  0x000001fa63eb19c0 JavaThread "Timer-983"                         [_thread_blocked, id=8960, stack(0x000000ba46100000,0x000000ba46200000) (1024K)]
  0x000001fa63eacb00 JavaThread "Worker-1577: Initialize workspace"        [_thread_blocked, id=20424, stack(0x000000ba45500000,0x000000ba45600000) (1024K)]
  0x000001fa63eae540 JavaThread "Timer-984"                         [_thread_blocked, id=21884, stack(0x000000ba46000000,0x000000ba46100000) (1024K)]
  0x000001fa63eb2050 JavaThread "Timer-985"                         [_thread_blocked, id=14792, stack(0x000000ba46200000,0x000000ba46300000) (1024K)]
  0x000001fa63eb47b0 JavaThread "Timer-986"                         [_thread_blocked, id=10120, stack(0x000000ba46400000,0x000000ba46500000) (1024K)]
  0x000001fa63eb5b60 JavaThread "Timer-987"                         [_thread_blocked, id=10528, stack(0x000000ba46300000,0x000000ba46400000) (1024K)]
  0x000001fa63eb26e0 JavaThread "Timer-988"                         [_thread_blocked, id=18740, stack(0x000000ba46500000,0x000000ba46600000) (1024K)]
  0x000001fa63eb54d0 JavaThread "Timer-989"                         [_thread_blocked, id=4280, stack(0x000000ba46800000,0x000000ba46900000) (1024K)]
  0x000001fa63eb4e40 JavaThread "Timer-990"                         [_thread_blocked, id=3520, stack(0x000000ba46700000,0x000000ba46800000) (1024K)]
  0x000001fa63eb6880 JavaThread "Timer-991"                         [_thread_blocked, id=19548, stack(0x000000ba46b00000,0x000000ba46c00000) (1024K)]
  0x000001fa63eaebd0 JavaThread "Worker-1597: Initialize workspace"        [_thread_blocked, id=26668, stack(0x000000ba45e00000,0x000000ba45f00000) (1024K)]
  0x000001fa63eb61f0 JavaThread "Timer-992"                         [_thread_blocked, id=31204, stack(0x000000ba46900000,0x000000ba46a00000) (1024K)]
  0x000001fa63eb2d70 JavaThread "Timer-993"                         [_thread_blocked, id=31516, stack(0x000000ba46a00000,0x000000ba46b00000) (1024K)]
  0x000001fa63eb3400 JavaThread "Timer-994"                         [_thread_blocked, id=11612, stack(0x000000ba46d00000,0x000000ba46e00000) (1024K)]
  0x000001fa63eb6f10 JavaThread "Timer-995"                         [_thread_blocked, id=18644, stack(0x000000ba46c00000,0x000000ba46d00000) (1024K)]
  0x000001fa63eb9d00 JavaThread "Timer-996"                         [_thread_blocked, id=8560, stack(0x000000ba46f00000,0x000000ba47000000) (1024K)]
  0x000001fa63eb3a90 JavaThread "Timer-997"                         [_thread_blocked, id=25900, stack(0x000000ba46e00000,0x000000ba46f00000) (1024K)]
  0x000001fa63eb8fe0 JavaThread "Timer-998"                         [_thread_blocked, id=26780, stack(0x000000ba47100000,0x000000ba47200000) (1024K)]
  0x000001fa63eb7c30 JavaThread "Timer-999"                         [_thread_blocked, id=27724, stack(0x000000ba47000000,0x000000ba47100000) (1024K)]
  0x000001fa63eb75a0 JavaThread "Worker-1619: Initialize workspace"        [_thread_blocked, id=25940, stack(0x000000ba46600000,0x000000ba46700000) (1024K)]
  0x000001fa63eb82c0 JavaThread "Timer-1000"                        [_thread_blocked, id=12496, stack(0x000000ba47300000,0x000000ba47400000) (1024K)]
  0x000001fa63ebb0b0 JavaThread "Timer-1001"                        [_thread_blocked, id=26904, stack(0x000000ba47400000,0x000000ba47500000) (1024K)]
  0x000001fa63eb8950 JavaThread "Timer-1002"                        [_thread_blocked, id=22252, stack(0x000000ba47600000,0x000000ba47700000) (1024K)]
  0x000001fa63ebcaf0 JavaThread "Timer-1003"                        [_thread_blocked, id=28136, stack(0x000000ba47500000,0x000000ba47600000) (1024K)]
  0x000001fa63ebb740 JavaThread "Timer-1004"                        [_thread_blocked, id=33604, stack(0x000000ba47800000,0x000000ba47900000) (1024K)]
  0x000001fa63ebbdd0 JavaThread "Timer-1005"                        [_thread_blocked, id=17944, stack(0x000000ba47700000,0x000000ba47800000) (1024K)]
  0x000001fa63ebc460 JavaThread "Timer-1006"                        [_thread_blocked, id=26480, stack(0x000000ba47900000,0x000000ba47a00000) (1024K)]
  0x000001fa63ebff70 JavaThread "Timer-1007"                        [_thread_blocked, id=10408, stack(0x000000ba47d00000,0x000000ba47e00000) (1024K)]
  0x000001fa63eb4120 JavaThread "Worker-1639: Initialize workspace"        [_thread_blocked, id=28260, stack(0x000000ba47200000,0x000000ba47300000) (1024K)]
  0x000001fa63ebd180 JavaThread "Timer-1008"                        [_thread_blocked, id=25124, stack(0x000000ba47b00000,0x000000ba47c00000) (1024K)]
  0x000001fa63ebd810 JavaThread "Timer-1009"                        [_thread_blocked, id=3472, stack(0x000000ba47c00000,0x000000ba47d00000) (1024K)]
  0x000001fa63ebdea0 JavaThread "Timer-1010"                        [_thread_blocked, id=23028, stack(0x000000ba47f00000,0x000000ba48000000) (1024K)]
  0x000001fa63eba390 JavaThread "Timer-1011"                        [_thread_blocked, id=22752, stack(0x000000ba47e00000,0x000000ba47f00000) (1024K)]
  0x000001fa63ebaa20 JavaThread "Timer-1012"                        [_thread_blocked, id=23624, stack(0x000000ba48100000,0x000000ba48200000) (1024K)]
  0x000001fa63ec0600 JavaThread "Timer-1013"                        [_thread_blocked, id=32456, stack(0x000000ba48300000,0x000000ba48400000) (1024K)]
  0x000001fa63ebf8e0 JavaThread "Timer-1014"                        [_thread_blocked, id=31984, stack(0x000000ba48200000,0x000000ba48300000) (1024K)]
  0x000001fa63ec19b0 JavaThread "Timer-1015"                        [_thread_blocked, id=14572, stack(0x000000ba48500000,0x000000ba48600000) (1024K)]
  0x000001fa63eb9670 JavaThread "Worker-1660: Initialize workspace"        [_thread_in_Java, id=28932, stack(0x000000ba47a00000,0x000000ba47b00000) (1024K)]
  0x000001fa63ecb730 JavaThread "Worker-1694: Initialize Workspace"        [_thread_blocked, id=30076, stack(0x000000ba49f00000,0x000000ba4a000000) (1024K)]
  0x000001fa63ed0c80 JavaThread "PatternSearchJob-worker-4"  daemon [_thread_blocked, id=26080, stack(0x000000ba4ad00000,0x000000ba4ae00000) (1024K)]
  0x000001fa63ec6870 JavaThread "ProjectImportProgressReporter" daemon [_thread_blocked, id=7036, stack(0x000000ba02e00000,0x000000ba02f00000) (1024K)]
  0x000001fa63e94140 JavaThread "Timer-1016"                        [_thread_blocked, id=10660, stack(0x000000ba01600000,0x000000ba01700000) (1024K)]
  0x000001fa63e93ab0 JavaThread "Timer-1017"                        [_thread_blocked, id=10076, stack(0x000000ba00200000,0x000000ba00300000) (1024K)]
  0x000001fa63ebebc0 JavaThread "Timer-1018"                        [_thread_blocked, id=28184, stack(0x000000ba04300000,0x000000ba04400000) (1024K)]
  0x000001fa63e94e60 JavaThread "Timer-1019"                        [_thread_blocked, id=18172, stack(0x000000ba02500000,0x000000ba02600000) (1024K)]
  0x000001fa63e954f0 JavaThread "Timer-1020"                        [_thread_blocked, id=28904, stack(0x000000ba04200000,0x000000ba04300000) (1024K)]
  0x000001fa63e92070 JavaThread "Connection worker"                 [_thread_in_native, id=30316, stack(0x000000ba05300000,0x000000ba05400000) (1024K)]
  0x000001fa63eac470 JavaThread "pool-277-thread-1"                 [_thread_blocked, id=4700, stack(0x000000ba05b00000,0x000000ba05c00000) (1024K)]
  0x000001fa63e93420 JavaThread "Connection worker"                 [_thread_blocked, id=23504, stack(0x000000ba02200000,0x000000ba02300000) (1024K)]
  0x000001fa63e92700 JavaThread "Connection worker"                 [_thread_blocked, id=3720, stack(0x000000ba04000000,0x000000ba04100000) (1024K)]
  0x000001fa63e97c50 JavaThread "Connection worker"                 [_thread_blocked, id=25400, stack(0x000000ba08000000,0x000000ba08100000) (1024K)]
  0x000001fa63e968a0 JavaThread "Connection worker"                 [_thread_blocked, id=18188, stack(0x000000ba33c00000,0x000000ba33d00000) (1024K)]
  0x000001fa63e98970 JavaThread "Connection worker"                 [_thread_blocked, id=33668, stack(0x000000ba48000000,0x000000ba48100000) (1024K)]
  0x000001fa63e96f30 JavaThread "Connection worker"                 [_thread_blocked, id=32864, stack(0x000000ba48700000,0x000000ba48800000) (1024K)]
  0x000001fa63e9bdf0 JavaThread "Connection worker"                 [_thread_blocked, id=10756, stack(0x000000ba48800000,0x000000ba48900000) (1024K)]
  0x000001fa63e9b0d0 JavaThread "Connection worker"                 [_thread_blocked, id=22424, stack(0x000000ba48900000,0x000000ba48a00000) (1024K)]
  0x000001fa63e9cb10 JavaThread "Connection worker"                 [_thread_blocked, id=13892, stack(0x000000ba48b00000,0x000000ba48c00000) (1024K)]
  0x000001fa63e99d20 JavaThread "Connection worker"                 [_thread_blocked, id=8876, stack(0x000000ba48c00000,0x000000ba48d00000) (1024K)]
  0x000001fa63e9b760 JavaThread "Connection worker"                 [_thread_blocked, id=23856, stack(0x000000ba48d00000,0x000000ba48e00000) (1024K)]
  0x000001fa63e9c480 JavaThread "Connection worker"                 [_thread_blocked, id=5944, stack(0x000000ba48e00000,0x000000ba48f00000) (1024K)]
  0x000001fa63e9f270 JavaThread "Connection worker"                 [_thread_blocked, id=19556, stack(0x000000ba49000000,0x000000ba49100000) (1024K)]
  0x000001fa63e9ff90 JavaThread "Connection worker"                 [_thread_blocked, id=30896, stack(0x000000ba49100000,0x000000ba49200000) (1024K)]
  0x000001fa63e9e550 JavaThread "Connection worker"                 [_thread_blocked, id=19740, stack(0x000000ba49300000,0x000000ba49400000) (1024K)]
  0x000001fa63e9d1a0 JavaThread "Connection worker"                 [_thread_blocked, id=21748, stack(0x000000ba49500000,0x000000ba49600000) (1024K)]
  0x000001fa63e9ebe0 JavaThread "Connection worker"                 [_thread_blocked, id=24288, stack(0x000000ba49600000,0x000000ba49700000) (1024K)]
  0x000001fa63e9d830 JavaThread "Connection worker"                 [_thread_in_native, id=11648, stack(0x000000ba49900000,0x000000ba49a00000) (1024K)]
  0x000001fa63ea2060 JavaThread "Connection worker"                 [_thread_in_native, id=27992, stack(0x000000ba49a00000,0x000000ba49b00000) (1024K)]
  0x000001fa63ea26f0 JavaThread "Connection worker"                 [_thread_blocked, id=15372, stack(0x000000ba4a000000,0x000000ba4a100000) (1024K)]
  0x000001fa63ea2d80 JavaThread "Connection worker"                 [_thread_blocked, id=32632, stack(0x000000ba4a200000,0x000000ba4a300000) (1024K)]
  0x000001fa63ea3410 JavaThread "Connection worker"                 [_thread_blocked, id=26960, stack(0x000000ba4a400000,0x000000ba4a500000) (1024K)]
  0x000001fa63ea19d0 JavaThread "Connection worker"                 [_thread_blocked, id=29952, stack(0x000000ba4a500000,0x000000ba4a600000) (1024K)]
  0x000001fa63ea6890 JavaThread "Connection worker"                 [_thread_blocked, id=30540, stack(0x000000ba4a800000,0x000000ba4a900000) (1024K)]
  0x000001fa63ea54e0 JavaThread "Connection worker"                 [_thread_blocked, id=30900, stack(0x000000ba4a900000,0x000000ba4aa00000) (1024K)]
  0x000001fa63ea6f20 JavaThread "Connection worker"                 [_thread_blocked, id=11808, stack(0x000000ba4ab00000,0x000000ba4ac00000) (1024K)]
  0x000001fa63ea8ff0 JavaThread "Connection worker"                 [_thread_blocked, id=29612, stack(0x000000ba4ac00000,0x000000ba4ad00000) (1024K)]
  0x000001fa63ea5b70 JavaThread "Connection worker"                 [_thread_blocked, id=26688, stack(0x000000ba4af00000,0x000000ba4b000000) (1024K)]
  0x000001fa63eaa3a0 JavaThread "Connection worker"                 [_thread_blocked, id=12440, stack(0x000000ba4b000000,0x000000ba4b100000) (1024K)]
  0x000001fa63eaaa30 JavaThread "Connection worker"                 [_thread_blocked, id=20224, stack(0x000000ba4b100000,0x000000ba4b200000) (1024K)]
  0x000001fa63eabde0 JavaThread "Connection worker"                 [_thread_blocked, id=15852, stack(0x000000ba4b400000,0x000000ba4b500000) (1024K)]
  0x000001fa63ea9d10 JavaThread "Connection worker"                 [_thread_blocked, id=31692, stack(0x000000ba4b500000,0x000000ba4b600000) (1024K)]
  0x000001fa63eab0c0 JavaThread "Connection worker"                 [_thread_blocked, id=19908, stack(0x000000ba4b600000,0x000000ba4b700000) (1024K)]
  0x000001fa63ea9680 JavaThread "Connection worker"                 [_thread_blocked, id=26056, stack(0x000000ba4b700000,0x000000ba4b800000) (1024K)]
  0x000001fa63ec0c90 JavaThread "Connection worker"                 [_thread_blocked, id=30728, stack(0x000000ba4b800000,0x000000ba4b900000) (1024K)]
  0x000001fa63ec1320 JavaThread "Connection worker"                 [_thread_blocked, id=31276, stack(0x000000ba4b900000,0x000000ba4ba00000) (1024K)]
  0x000001fa63ebf250 JavaThread "Connection worker"                 [_thread_blocked, id=33232, stack(0x000000ba4ba00000,0x000000ba4bb00000) (1024K)]
  0x000001fa63ebe530 JavaThread "Connection worker"                 [_thread_blocked, id=20376, stack(0x000000ba4bb00000,0x000000ba4bc00000) (1024K)]
  0x000001fa63ec4110 JavaThread "Connection worker"                 [_thread_blocked, id=29788, stack(0x000000ba4bd00000,0x000000ba4be00000) (1024K)]
  0x000001fa63ec2d60 JavaThread "Connection worker"                 [_thread_blocked, id=10740, stack(0x000000ba4be00000,0x000000ba4bf00000) (1024K)]
  0x000001fa63ec3a80 JavaThread "Connection worker"                 [_thread_blocked, id=25120, stack(0x000000ba4bf00000,0x000000ba4c000000) (1024K)]
  0x000001fa63ec4e30 JavaThread "Connection worker"                 [_thread_blocked, id=17528, stack(0x000000ba4c000000,0x000000ba4c100000) (1024K)]
  0x000001fa63ec54c0 JavaThread "Connection worker"                 [_thread_blocked, id=18820, stack(0x000000ba4c100000,0x000000ba4c200000) (1024K)]
  0x000001fa63ec33f0 JavaThread "Connection worker"                 [_thread_blocked, id=27068, stack(0x000000ba4c200000,0x000000ba4c300000) (1024K)]
  0x000001fa63ec5b50 JavaThread "Connection worker"                 [_thread_blocked, id=29084, stack(0x000000ba4c400000,0x000000ba4c500000) (1024K)]
  0x000001fa63ec61e0 JavaThread "Connection worker"                 [_thread_blocked, id=5008, stack(0x000000ba4c600000,0x000000ba4c700000) (1024K)]
  0x000001fa63ec9660 JavaThread "Connection worker"                 [_thread_blocked, id=26372, stack(0x000000ba4c700000,0x000000ba4c800000) (1024K)]
  0x000001fa63ec8fd0 JavaThread "Connection worker"                 [_thread_blocked, id=26016, stack(0x000000ba4c900000,0x000000ba4ca00000) (1024K)]
  0x000001fa63eca380 JavaThread "Connection worker"                 [_thread_blocked, id=3876, stack(0x000000ba4ca00000,0x000000ba4cb00000) (1024K)]
  0x000001fa63ec6f00 JavaThread "Connection worker"                 [_thread_in_native, id=25076, stack(0x000000ba4cb00000,0x000000ba4cc00000) (1024K)]
  0x000001fa63ecaa10 JavaThread "Connection worker"                 [_thread_blocked, id=16648, stack(0x000000ba4cc00000,0x000000ba4cd00000) (1024K)]
  0x000001fa63ec7c20 JavaThread "pool-283-thread-1"                 [_thread_blocked, id=17460, stack(0x000000ba4cd00000,0x000000ba4ce00000) (1024K)]
  0x000001fa63ec7590 JavaThread "pool-279-thread-1"                 [_thread_blocked, id=10320, stack(0x000000ba4ce00000,0x000000ba4cf00000) (1024K)]
  0x000001fa63ecb0a0 JavaThread "pool-285-thread-1"                 [_thread_blocked, id=23608, stack(0x000000ba4cf00000,0x000000ba4d000000) (1024K)]
  0x000001fa63ec82b0 JavaThread "pool-284-thread-1"                 [_thread_blocked, id=12464, stack(0x000000ba4d000000,0x000000ba4d100000) (1024K)]
  0x000001fa63ec8940 JavaThread "pool-282-thread-1"                 [_thread_blocked, id=23760, stack(0x000000ba4d200000,0x000000ba4d300000) (1024K)]
  0x000001fa63ecde90 JavaThread "pool-286-thread-1"                 [_thread_blocked, id=13896, stack(0x000000ba4d300000,0x000000ba4d400000) (1024K)]
  0x000001fa63ece520 JavaThread "pool-288-thread-1"                 [_thread_blocked, id=30600, stack(0x000000ba4d500000,0x000000ba4d600000) (1024K)]
  0x000001fa63ecebb0 JavaThread "pool-289-thread-1"                 [_thread_blocked, id=26720, stack(0x000000ba4d600000,0x000000ba4d700000) (1024K)]
  0x000001fa63ecf240 JavaThread "pool-278-thread-1"                 [_thread_blocked, id=19840, stack(0x000000ba4d700000,0x000000ba4d800000) (1024K)]
  0x000001fa63eccae0 JavaThread "pool-290-thread-1"                 [_thread_blocked, id=11400, stack(0x000000ba4d900000,0x000000ba4da00000) (1024K)]
  0x000001fa63ecd800 JavaThread "pool-293-thread-1"                 [_thread_blocked, id=25396, stack(0x000000ba4dc00000,0x000000ba4dd00000) (1024K)]
  0x000001fa63ed2030 JavaThread "pool-296-thread-1"                 [_thread_blocked, id=28504, stack(0x000000ba4df00000,0x000000ba4e000000) (1024K)]
  0x000001fa581f69f0 JavaThread "pool-299-thread-1"                 [_thread_blocked, id=26472, stack(0x000000ba4e200000,0x000000ba4e300000) (1024K)]
  0x000001fa581f4920 JavaThread "pool-300-thread-1"                 [_thread_blocked, id=26980, stack(0x000000ba4e300000,0x000000ba4e400000) (1024K)]
  0x000001fa7e2f2f90 JavaThread "pool-302-thread-1"                 [_thread_blocked, id=23268, stack(0x000000ba4a100000,0x000000ba4a200000) (1024K)]
  0x000001fa62dec110 JavaThread "pool-305-thread-1"                 [_thread_blocked, id=15716, stack(0x000000ba4e900000,0x000000ba4ea00000) (1024K)]
  0x000001fa5e7c40e0 JavaThread "pool-306-thread-1"                 [_thread_blocked, id=33540, stack(0x000000ba4ea00000,0x000000ba4eb00000) (1024K)]
  0x000001fa5e7c26a0 JavaThread "pool-307-thread-1"                 [_thread_blocked, id=20912, stack(0x000000ba4eb00000,0x000000ba4ec00000) (1024K)]
  0x000001fa7eebba00 JavaThread "pool-308-thread-1"                 [_thread_blocked, id=29264, stack(0x000000ba4ec00000,0x000000ba4ed00000) (1024K)]
  0x000001fa4e959850 JavaThread "pool-311-thread-1"                 [_thread_blocked, id=21384, stack(0x000000ba4ef00000,0x000000ba4f000000) (1024K)]
  0x000001fa572fc6e0 JavaThread "pool-313-thread-1"                 [_thread_blocked, id=12832, stack(0x000000ba4f100000,0x000000ba4f200000) (1024K)]
  0x000001fa4d88abf0 JavaThread "pool-314-thread-1"                 [_thread_blocked, id=17440, stack(0x000000ba4f200000,0x000000ba4f300000) (1024K)]
  0x000001fa630ad320 JavaThread "Exec process"                      [_thread_in_native, id=3644, stack(0x000000ba4f500000,0x000000ba4f600000) (1024K)]
  0x000001fa63ecc450 JavaThread "Exec process"                      [_thread_in_native, id=25912, stack(0x000000ba4f600000,0x000000ba4f700000) (1024K)]
  0x000001fa579eb7c0 JavaThread "Exec process"                      [_thread_in_native, id=4936, stack(0x000000ba4f700000,0x000000ba4f800000) (1024K)]
  0x000001fa7f51d7e0 JavaThread "Exec process"                      [_thread_in_native, id=28716, stack(0x000000ba4f800000,0x000000ba4f900000) (1024K)]
  0x000001fa57883850 JavaThread "Exec process"                      [_thread_in_native, id=17296, stack(0x000000ba4f900000,0x000000ba4fa00000) (1024K)]
  0x000001fa7ea1b5a0 JavaThread "pool-317-thread-1"                 [_thread_blocked, id=27812, stack(0x000000ba4fa00000,0x000000ba4fb00000) (1024K)]
  0x000001fa63c79390 JavaThread "Exec process"                      [_thread_in_native, id=24968, stack(0x000000ba4fc00000,0x000000ba4fd00000) (1024K)]
  0x000001fa63c7a0b0 JavaThread "pool-319-thread-1"                 [_thread_blocked, id=15512, stack(0x000000ba4fd00000,0x000000ba4fe00000) (1024K)]
  0x000001fa63c78d00 JavaThread "pool-320-thread-1"                 [_thread_blocked, id=3244, stack(0x000000ba4fe00000,0x000000ba4ff00000) (1024K)]
  0x000001fa63c78670 JavaThread "Exec process"                      [_thread_in_native, id=19012, stack(0x000000ba50000000,0x000000ba50100000) (1024K)]
  0x000001fa63c7ef70 JavaThread "Exec process Thread 2"             [_thread_blocked, id=9684, stack(0x000000ba50300000,0x000000ba50400000) (1024K)]
  0x000001fa63c7e8e0 JavaThread "Exec process"                      [_thread_in_native, id=21228, stack(0x000000ba50500000,0x000000ba50600000) (1024K)]
  0x000001fa63c7baf0 JavaThread "pool-325-thread-1"                 [_thread_blocked, id=18960, stack(0x000000ba50600000,0x000000ba50700000) (1024K)]
  0x000001fa63c7e250 JavaThread "Exec process"                      [_thread_in_native, id=21000, stack(0x000000ba50700000,0x000000ba50800000) (1024K)]
  0x000001fa63c7c180 JavaThread "Exec process Thread 2"             [_thread_blocked, id=33256, stack(0x000000ba50a00000,0x000000ba50b00000) (1024K)]
  0x000001fa63c7cea0 JavaThread "Exec process Thread 2"             [_thread_blocked, id=10888, stack(0x000000ba50b00000,0x000000ba50c00000) (1024K)]
  0x000001fa63c80320 JavaThread "Exec process Thread 2"             [_thread_blocked, id=24404, stack(0x000000ba50d00000,0x000000ba50e00000) (1024K)]
  0x000001fa63c7fc90 JavaThread "pool-327-thread-1"                 [_thread_blocked, id=24492, stack(0x000000ba50900000,0x000000ba50a00000) (1024K)]
  0x000001fa63c7d530 JavaThread "Exec process Thread 2"             [_thread_blocked, id=5948, stack(0x000000ba50f00000,0x000000ba51000000) (1024K)]
  0x000001fa63c83110 JavaThread "Exec process Thread 2"             [_thread_blocked, id=10800, stack(0x000000ba51100000,0x000000ba51200000) (1024K)]
  0x000001fa63c82a80 JavaThread "Exec process Thread 2"             [_thread_blocked, id=2588, stack(0x000000ba51200000,0x000000ba51300000) (1024K)]
  0x000001fa63c837a0 JavaThread "pool-328-thread-1"                 [_thread_blocked, id=13308, stack(0x000000ba51300000,0x000000ba51400000) (1024K)]
  0x000001fa63c816d0 JavaThread "Exec process"                      [_thread_in_native, id=26408, stack(0x000000ba51400000,0x000000ba51500000) (1024K)]
  0x000001fa63c844c0 JavaThread "Exec process Thread 2"             [_thread_blocked, id=23724, stack(0x000000ba51600000,0x000000ba51700000) (1024K)]
  0x000001fa63c84b50 JavaThread "Exec process Thread 2"             [_thread_blocked, id=9408, stack(0x000000ba51800000,0x000000ba51900000) (1024K)]
  0x000001fa63c81d60 JavaThread "Exec process Thread 2"             [_thread_blocked, id=21660, stack(0x000000ba51a00000,0x000000ba51b00000) (1024K)]
  0x000001fa63c7c810 JavaThread "pool-329-thread-1"                 [_thread_blocked, id=32852, stack(0x000000ba50c00000,0x000000ba50d00000) (1024K)]
  0x000001fa63c81040 JavaThread "Exec process"                      [_thread_in_native, id=6484, stack(0x000000ba51500000,0x000000ba51600000) (1024K)]
  0x000001fa63c85870 JavaThread "pool-330-thread-1"                 [_thread_blocked, id=19120, stack(0x000000ba51900000,0x000000ba51a00000) (1024K)]
  0x000001fa63c823f0 JavaThread "Exec process"                      [_thread_in_native, id=33384, stack(0x000000ba51b00000,0x000000ba51c00000) (1024K)]
  0x000001fa63c88660 JavaThread "pool-331-thread-1"                 [_thread_blocked, id=3636, stack(0x000000ba51c00000,0x000000ba51d00000) (1024K)]
  0x000001fa63c88cf0 JavaThread "pool-332-thread-1"                 [_thread_blocked, id=28984, stack(0x000000ba51d00000,0x000000ba51e00000) (1024K)]
  0x000001fa63c89380 JavaThread "Exec process Thread 2"             [_thread_blocked, id=5652, stack(0x000000ba52000000,0x000000ba52100000) (1024K)]
  0x000001fa63c85f00 JavaThread "pool-333-thread-1"                 [_thread_blocked, id=31312, stack(0x000000ba52100000,0x000000ba52200000) (1024K)]
  0x000001fa63c89a10 JavaThread "pool-334-thread-1"                 [_thread_blocked, id=19064, stack(0x000000ba52200000,0x000000ba52300000) (1024K)]
  0x000001fa63c86590 JavaThread "Exec process"                      [_thread_in_native, id=4492, stack(0x000000ba51f00000,0x000000ba52000000) (1024K)]
  0x000001fa63c8a0a0 JavaThread "Exec process Thread 2"             [_thread_blocked, id=10396, stack(0x000000ba52400000,0x000000ba52500000) (1024K)]
  0x000001fa63c86c20 JavaThread "Exec process Thread 2"             [_thread_blocked, id=8056, stack(0x000000ba52600000,0x000000ba52700000) (1024K)]
  0x000001fa63c8bae0 JavaThread "pool-335-thread-1"                 [_thread_blocked, id=22924, stack(0x000000ba52700000,0x000000ba52800000) (1024K)]
  0x000001fa63c8adc0 JavaThread "pool-337-thread-1"                 [_thread_blocked, id=21396, stack(0x000000ba52300000,0x000000ba52400000) (1024K)]
  0x000001fa63c8a730 JavaThread "pool-339-thread-1"                 [_thread_blocked, id=17544, stack(0x000000ba52900000,0x000000ba52a00000) (1024K)]
  0x000001fa63c8b450 JavaThread "pool-340-thread-1"                 [_thread_blocked, id=15024, stack(0x000000ba52a00000,0x000000ba52b00000) (1024K)]
  0x000001fa63c8f5f0 JavaThread "Exec process Thread 2"             [_thread_blocked, id=18892, stack(0x000000ba52c00000,0x000000ba52d00000) (1024K)]
  0x000001fa63c8d520 JavaThread "pool-342-thread-1"                 [_thread_blocked, id=28596, stack(0x000000ba52e00000,0x000000ba52f00000) (1024K)]
  0x000001fa63c8c170 JavaThread "pool-343-thread-1"                 [_thread_blocked, id=6156, stack(0x000000ba52f00000,0x000000ba53000000) (1024K)]
  0x000001fa63c8c800 JavaThread "pool-344-thread-1"                 [_thread_blocked, id=27996, stack(0x000000ba53200000,0x000000ba53300000) (1024K)]
  0x000001fa63c8e240 JavaThread "pool-345-thread-1"                 [_thread_blocked, id=32284, stack(0x000000ba53000000,0x000000ba53100000) (1024K)]
  0x000001fa63c8ef60 JavaThread "pool-347-thread-1"                 [_thread_blocked, id=22256, stack(0x000000ba53400000,0x000000ba53500000) (1024K)]
  0x000001fa63c90310 JavaThread "pool-348-thread-1"                 [_thread_blocked, id=18080, stack(0x000000ba53500000,0x000000ba53600000) (1024K)]
  0x000001fa63c91d50 JavaThread "pool-349-thread-1"                 [_thread_blocked, id=33336, stack(0x000000ba53600000,0x000000ba53700000) (1024K)]
  0x000001fa63c909a0 JavaThread "pool-350-thread-1"                 [_thread_blocked, id=22676, stack(0x000000ba53700000,0x000000ba53800000) (1024K)]
  0x000001fa63c91030 JavaThread "pool-351-thread-1"                 [_thread_blocked, id=33660, stack(0x000000ba53800000,0x000000ba53900000) (1024K)]
  0x000001fa63c92a70 JavaThread "pool-352-thread-1"                 [_thread_blocked, id=14924, stack(0x000000ba53b00000,0x000000ba53c00000) (1024K)]
  0x000001fa63c923e0 JavaThread "pool-353-thread-1"                 [_thread_blocked, id=7072, stack(0x000000ba53c00000,0x000000ba53d00000) (1024K)]
  0x000001fa63c96c10 JavaThread "pool-355-thread-1"                 [_thread_blocked, id=21880, stack(0x000000ba54200000,0x000000ba54300000) (1024K)]
  0x000001fa63c97930 JavaThread "pool-356-thread-1"                 [_thread_blocked, id=32336, stack(0x000000ba54300000,0x000000ba54400000) (1024K)]
  0x000001fa63c951d0 JavaThread "pool-357-thread-1"                 [_thread_blocked, id=28988, stack(0x000000ba54400000,0x000000ba54500000) (1024K)]
  0x000001fa63c9a720 JavaThread "Exec process"                      [_thread_in_native, id=30424, stack(0x000000ba54a00000,0x000000ba54b00000) (1024K)]
  0x000001fa63ca1020 JavaThread "Exec process Thread 2"             [_thread_blocked, id=29664, stack(0x000000ba55700000,0x000000ba55800000) (1024K)]
  0x000001fa63ca23d0 JavaThread "Exec process"                      [_thread_in_native, id=9356, stack(0x000000ba55600000,0x000000ba55700000) (1024K)]
  0x000001fa63c916c0 JavaThread "Exec process Thread 2"             [_thread_blocked, id=13420, stack(0x000000ba4d800000,0x000000ba4d900000) (1024K)]
  0x000001fa63c95860 JavaThread "Exec process"                      [_thread_in_native, id=22788, stack(0x000000ba05d00000,0x000000ba05e00000) (1024K)]
  0x000001fa63ca30f0 JavaThread "Connection worker"                 [_thread_blocked, id=22844, stack(0x000000ba4ee00000,0x000000ba4ef00000) (1024K)]
  0x000001fa63c96580 JavaThread "Connection worker"                 [_thread_blocked, id=31232, stack(0x000000ba06d00000,0x000000ba06e00000) (1024K)]
  0x000001fa63c93100 JavaThread "Connection worker"                 [_thread_blocked, id=17924, stack(0x000000ba49400000,0x000000ba49500000) (1024K)]
  0x000001fa63c9bad0 JavaThread "Exec process Thread 2"             [_thread_blocked, id=21964, stack(0x000000ba4da00000,0x000000ba4db00000) (1024K)]
  0x000001fa63ca51c0 JavaThread "Connection worker"                 [_thread_blocked, id=25860, stack(0x000000ba54500000,0x000000ba54600000) (1024K)]
  0x000001fa63ca4b30 JavaThread "Exec process"                      [_thread_in_native, id=22248, stack(0x000000ba54600000,0x000000ba54700000) (1024K)]
  0x000001fa63c944b0 JavaThread "Exec process"                      [_thread_in_native, id=5788, stack(0x000000ba48400000,0x000000ba48500000) (1024K)]
  0x000001fa63c98ce0 JavaThread "Connection worker"                 [_thread_blocked, id=3428, stack(0x000000ba4a600000,0x000000ba4a700000) (1024K)]
  0x000001fa63c9e230 JavaThread "Connection worker"                 [_thread_blocked, id=28440, stack(0x000000ba4e600000,0x000000ba4e700000) (1024K)]
  0x000001fa63c87fd0 JavaThread "Connection worker"                 [_thread_blocked, id=18020, stack(0x000000ba09100000,0x000000ba09200000) (1024K)]
  0x000001fa63c8e8d0 JavaThread "Connection worker"                 [_thread_blocked, id=26392, stack(0x000000ba4c500000,0x000000ba4c600000) (1024K)]
  0x000001fa63c8fc80 JavaThread "Connection worker"                 [_thread_blocked, id=10824, stack(0x000000ba4ed00000,0x000000ba4ee00000) (1024K)]
  0x000001fa63c9d510 JavaThread "Exec process"                      [_thread_in_native, id=27656, stack(0x000000ba07700000,0x000000ba07800000) (1024K)]
  0x000001fa63c9b440 JavaThread "Exec process"                      [_thread_in_native, id=26352, stack(0x000000ba49200000,0x000000ba49300000) (1024K)]
  0x000001fa63c9a090 JavaThread "Connection worker"                 [_thread_blocked, id=20340, stack(0x000000ba4de00000,0x000000ba4df00000) (1024K)]
  0x000001fa63c94b40 JavaThread "Exec process Thread 2"             [_thread_blocked, id=29796, stack(0x000000ba20900000,0x000000ba20a00000) (1024K)]
  0x000001fa63c9c7f0 JavaThread "Exec process Thread 2"             [_thread_blocked, id=16008, stack(0x000000ba49e00000,0x000000ba49f00000) (1024K)]
  0x000001fa63c9ce80 JavaThread "Exec process Thread 2"             [_thread_blocked, id=27808, stack(0x000000ba4e000000,0x000000ba4e100000) (1024K)]
  0x000001fa63c7dbc0 JavaThread "Exec process Thread 2"             [_thread_blocked, id=12108, stack(0x000000ba4b200000,0x000000ba4b300000) (1024K)]
  0x000001fa63c9dba0 JavaThread "Connection worker"                 [_thread_blocked, id=13076, stack(0x000000ba4f400000,0x000000ba4f500000) (1024K)]
  0x000001fa63c93790 JavaThread "Connection worker"                 [_thread_blocked, id=29148, stack(0x000000ba20700000,0x000000ba20800000) (1024K)]
  0x000001fa63c972a0 JavaThread "Exec process"                      [_thread_in_native, id=28628, stack(0x000000ba48a00000,0x000000ba48b00000) (1024K)]
  0x000001fa63c95ef0 JavaThread "Exec process"                      [_thread_in_native, id=27388, stack(0x000000ba49b00000,0x000000ba49c00000) (1024K)]
  0x000001fa63c7b460 JavaThread "Connection worker"                 [_thread_blocked, id=16052, stack(0x000000ba49d00000,0x000000ba49e00000) (1024K)]
  0x000001fa63c99370 JavaThread "Exec process Thread 2"             [_thread_blocked, id=30080, stack(0x000000ba48600000,0x000000ba48700000) (1024K)]
  0x000001fa63c9adb0 JavaThread "Exec process"                      [_thread_in_native, id=27148, stack(0x000000ba48f00000,0x000000ba49000000) (1024K)]
  0x000001fa63c99a00 JavaThread "Exec process"                      [_thread_in_native, id=18304, stack(0x000000ba49700000,0x000000ba49800000) (1024K)]
  0x000001fa63c98650 JavaThread "Exec process Thread 2"             [_thread_blocked, id=17168, stack(0x000000ba4a300000,0x000000ba4a400000) (1024K)]
  0x000001fa63c93e20 JavaThread "Connection worker"                 [_thread_blocked, id=30188, stack(0x000000ba0b500000,0x000000ba0b600000) (1024K)]
  0x000001fa63c97fc0 JavaThread "Connection worker"                 [_thread_blocked, id=17648, stack(0x000000ba49800000,0x000000ba49900000) (1024K)]
  0x000001fa63c9e8c0 JavaThread "Connection worker"                 [_thread_blocked, id=19960, stack(0x000000ba4a700000,0x000000ba4a800000) (1024K)]
  0x000001fa63c9ef50 JavaThread "Connection worker"                 [_thread_blocked, id=9280, stack(0x000000ba4aa00000,0x000000ba4ab00000) (1024K)]
  0x000001fa63c9f5e0 JavaThread "Connection worker"                 [_thread_blocked, id=14176, stack(0x000000ba4ae00000,0x000000ba4af00000) (1024K)]
  0x000001fa63c9c160 JavaThread "Connection worker"                 [_thread_in_native, id=19560, stack(0x000000ba4b300000,0x000000ba4b400000) (1024K)]
  0x000001fa63ca1d40 JavaThread "Connection worker"                 [_thread_blocked, id=11884, stack(0x000000ba4c800000,0x000000ba4c900000) (1024K)]
  0x000001fa63ca3780 JavaThread "Connection worker"                 [_thread_blocked, id=32480, stack(0x000000ba4d100000,0x000000ba4d200000) (1024K)]
  0x000001fa63ca0300 JavaThread "Connection worker"                 [_thread_blocked, id=31384, stack(0x000000ba4d400000,0x000000ba4d500000) (1024K)]
  0x000001fa63ca2a60 JavaThread "Connection worker"                 [_thread_blocked, id=21528, stack(0x000000ba4db00000,0x000000ba4dc00000) (1024K)]
  0x000001fa63ca3e10 JavaThread "Connection worker"                 [_thread_blocked, id=28920, stack(0x000000ba4dd00000,0x000000ba4de00000) (1024K)]
  0x000001fa63ca44a0 JavaThread "Connection worker"                 [_thread_blocked, id=23416, stack(0x000000ba4e100000,0x000000ba4e200000) (1024K)]
  0x000001fa63ca16b0 JavaThread "Connection worker"                 [_thread_blocked, id=32568, stack(0x000000ba4e700000,0x000000ba4e800000) (1024K)]
  0x000001fa63ca8640 JavaThread "Exec process Thread 2"             [_thread_blocked, id=26984, stack(0x000000ba4f300000,0x000000ba4f400000) (1024K)]
  0x000001fa63ca6c00 JavaThread "Exec process Thread 2"             [_thread_blocked, id=14280, stack(0x000000ba4ff00000,0x000000ba50000000) (1024K)]
  0x000001fa63ca8cd0 JavaThread "Exec process"                      [_thread_in_native, id=18612, stack(0x000000ba50100000,0x000000ba50200000) (1024K)]
  0x000001fa63ca7920 JavaThread "Exec process"                      [_thread_in_native, id=6824, stack(0x000000ba4f000000,0x000000ba4f100000) (1024K)]
  0x000001fa63ca7fb0 JavaThread "Exec process"                      [_thread_blocked, id=12304, stack(0x000000ba4fb00000,0x000000ba4fc00000) (1024K)]
  0x000001fa63ca5850 JavaThread "Exec process"                      [_thread_blocked, id=33280, stack(0x000000ba50400000,0x000000ba50500000) (1024K)]
  0x000001fa63caa080 JavaThread "Exec process Thread 2"             [_thread_blocked, id=12348, stack(0x000000ba52b00000,0x000000ba52c00000) (1024K)]
  0x000001fa63caada0 JavaThread "Exec process"                      [_thread_in_native, id=27164, stack(0x000000ba52d00000,0x000000ba52e00000) (1024K)]
  0x000001fa63c9fc70 JavaThread "DisconnectableInputStream source reader" daemon [_thread_new, id=25164, stack(0x0000000000000000,0x0000000000000000) (0B)]
  0x000001fa63ca0990 JavaThread "Exec process Thread 2"             [_thread_new, id=13824, stack(0x0000000000000000,0x0000000000000000) (0B)]
  0x000001fa639aba80 
[error occurred during error reporting (printing all threads), id 0xc0000005, EXCEPTION_ACCESS_VIOLATION (0xc0000005) at pc=0x00007ffb00000000]
VM state: not at safepoint (normal execution)

VM Mutex/Monitor currently owned by a thread: None

OutOfMemory and StackOverflow Exception counts:
OutOfMemoryError java_heap_errors=1
LinkageErrors=296

Heap address: 0x0000000700000000, size: 4096 MB, Compressed Oops mode: Zero based, Oop shift amount: 3

CDS archive(s) mapped at: [0x000001fa08000000-0x000001fa08ba0000-0x000001fa08ba0000), size 12189696, SharedBaseAddress: 0x000001fa08000000, ArchiveRelocationMode: 1.
Compressed class space mapped at: 0x000001fa09000000-0x000001fa49000000, reserved size: 1073741824
Narrow klass base: 0x000001fa08000000, Narrow klass shift: 0, Narrow klass range: 0x100000000

GC Precious Log:
 CardTable entry size: 512
 CPUs: 4 total, 4 available
 Memory: 7926M
 Large Page Support: Disabled
 NUMA Support: Disabled
 Compressed Oops: Enabled (Zero based)
 Alignments: Space 512K, Generation 512K, Heap 2M
 Heap Min Capacity: 100M
 Heap Initial Capacity: 100M
 Heap Max Capacity: 4G
 Pre-touch: Disabled
 Parallel Workers: 4

Heap:
 PSYoungGen      total 552960K, used 262611K [0x00000007aab00000, 0x00000007cde80000, 0x0000000800000000)
  eden space 530944K, 45% used [0x00000007aab00000,0x00000007b963bb68,0x00000007cb180000)
  from space 22016K, 98% used [0x00000007cc900000,0x00000007cde39348,0x00000007cde80000)
  to   space 22528K, 0% used [0x00000007cb280000,0x00000007cb280000,0x00000007cc880000)
 ParOldGen       total 2796544K, used 257476K [0x0000000700000000, 0x00000007aab00000, 0x00000007aab00000)
  object space 2796544K, 9% used [0x0000000700000000,0x000000070fb71108,0x00000007aab00000)
 Metaspace       used 85825K, committed 87808K, reserved 1179648K
  class space    used 10058K, committed 11008K, reserved 1048576K

Card table byte_map: [0x000001fa7c030000,0x000001fa7c840000] _byte_map_base: 0x000001fa78830000

Marking Bits: (ParMarkBitMap*) 0x00007ffbc9aa44a0
 Begin Bits: [0x000001fa00000000, 0x000001fa04000000)
 End Bits:   [0x000001fa04000000, 0x000001fa08000000)

Polling page: 0x000001fa695f0000

Metaspace:

Usage:
  Non-class:     73.99 MB used.
      Class:      9.82 MB used.
       Both:     83.81 MB used.

Virtual space:
  Non-class space:      128.00 MB reserved,      75.00 MB ( 59%) committed,  2 nodes.
      Class space:        1.00 GB reserved,      10.75 MB (  1%) committed,  1 nodes.
             Both:        1.12 GB reserved,      85.75 MB (  7%) committed. 

Chunk freelists:
   Non-Class:  4.20 MB
       Class:  5.20 MB
        Both:  9.40 MB

MaxMetaspaceSize: unlimited
CompressedClassSpaceSize: 1.00 GB
Initial GC threshold: 21.00 MB
Current GC threshold: 138.44 MB
CDS: on
 - commit_granule_bytes: 65536.
 - commit_granule_words: 8192.
 - virtual_space_node_default_size: 8388608.
 - enlarge_chunks_in_place: 1.
 - use_allocation_guard: 0.


Internal statistics:

num_allocs_failed_limit: 9.
num_arena_births: 2802.
num_arena_deaths: 652.
num_vsnodes_births: 3.
num_vsnodes_deaths: 0.
num_space_committed: 1372.
num_space_uncommitted: 0.
num_chunks_returned_to_freelist: 800.
num_chunks_taken_from_freelist: 7468.
num_chunk_merges: 285.
num_chunk_splits: 4341.
num_chunks_enlarged: 2360.
num_inconsistent_stats: 0.

CodeHeap 'non-profiled nmethods': size=120000Kb used=18737Kb max_used=18737Kb free=101262Kb
 bounds [0x000001fa74b00000, 0x000001fa75d50000, 0x000001fa7c030000]
CodeHeap 'profiled nmethods': size=120000Kb used=38508Kb max_used=38508Kb free=81492Kb
 bounds [0x000001fa6d030000, 0x000001fa6f5d0000, 0x000001fa74560000]
CodeHeap 'non-nmethods': size=5760Kb used=1447Kb max_used=1509Kb free=4312Kb
 bounds [0x000001fa74560000, 0x000001fa747d0000, 0x000001fa74b00000]
CodeCache: size=245760Kb, used=58692Kb, max_used=58754Kb, free=187066Kb
 total_blobs=18456, nmethods=17698, adapters=663, full_count=0
Compilation: enabled, stopped_count=0, restarted_count=0

Compilation events (20 events):
Event: 1101.022 Thread 0x000001fa7d208410 nmethod 19757 0x000001fa6f5c6f90 code [0x000001fa6f5c7140, 0x000001fa6f5c7280]
Event: 1101.022 Thread 0x000001fa7d208410 19753       1       org.gradle.cache.internal.filelock.DefaultLockStateSerializer$SequenceNumberLockState::access$200 (5 bytes)
Event: 1101.022 Thread 0x000001fa7d208410 nmethod 19753 0x000001fa75d4ac90 code [0x000001fa75d4ae20, 0x000001fa75d4aed0]
Event: 1101.022 Thread 0x000001fa7d208410 19752       1       org.gradle.cache.internal.filelock.DefaultLockStateSerializer$SequenceNumberLockState::access$100 (5 bytes)
Event: 1101.022 Thread 0x000001fa7d208410 nmethod 19752 0x000001fa75d4af90 code [0x000001fa75d4b120, 0x000001fa75d4b1d0]
Event: 1101.064 Thread 0x000001fa7d208410 19761       1       org.gradle.api.internal.classpath.DefaultModuleRegistry$DefaultModule::getImplementationClasspath (5 bytes)
Event: 1101.064 Thread 0x000001fa7d188970 19762       4       org.gradle.tooling.internal.consumer.SynchronizedLogging::services (71 bytes)
Event: 1101.064 Thread 0x000001fa7d208410 nmethod 19761 0x000001fa75d4b290 code [0x000001fa75d4b420, 0x000001fa75d4b4f0]
Event: 1101.064 Thread 0x000001fa7d208410 19763       3       java.lang.invoke.LambdaForm$MH/0x000001fa09a2f400::invoke (42 bytes)
Event: 1101.066 Thread 0x000001fa7d208410 nmethod 19763 0x000001fa6f5c7390 code [0x000001fa6f5c75c0, 0x000001fa6f5c7f00]
Event: 1101.066 Thread 0x000001fa7d208410 19764       1       org.gradle.internal.installation.GradleInstallation::getLibDirs (5 bytes)
Event: 1101.066 Thread 0x000001fa7d208410 nmethod 19764 0x000001fa75d4b590 code [0x000001fa75d4b720, 0x000001fa75d4b7f0]
Event: 1101.100 Thread 0x000001fa7d208410 19766       1       org.gradle.internal.concurrent.AbstractManagedExecutor::access$100 (5 bytes)
Event: 1101.100 Thread 0x000001fa7d208410 nmethod 19766 0x000001fa75d4b890 code [0x000001fa75d4ba20, 0x000001fa75d4bad0]
Event: 1101.201 Thread 0x000001fa7d208410 19767       3       java.util.Scanner::hasTokenInBuffer (99 bytes)
Event: 1101.202 Thread 0x000001fa7d208410 nmethod 19767 0x000001fa6f5c8190 code [0x000001fa6f5c83c0, 0x000001fa6f5c8a60]
Event: 1101.202 Thread 0x000001fa7d208410 19768       3       java.util.regex.Matcher::lookingAt (10 bytes)
Event: 1101.203 Thread 0x000001fa7d208410 nmethod 19768 0x000001fa6f5c8d10 code [0x000001fa6f5c8ec0, 0x000001fa6f5c9008]
Event: 1101.203 Thread 0x000001fa7d208410 19769       1       java.util.regex.Matcher::hitEnd (5 bytes)
Event: 1101.203 Thread 0x000001fa7d208410 nmethod 19769 0x000001fa75d4bb90 code [0x000001fa75d4bd20, 0x000001fa75d4bdf0]

GC Heap History (20 events):
Event: 1090.729 GC heap before
{Heap before GC invocations=941 (full 6):
 PSYoungGen      total 505344K, used 504780K [0x00000007aab00000, 0x00000007ca980000, 0x0000000800000000)
  eden space 487936K, 100% used [0x00000007aab00000,0x00000007c8780000,0x00000007c8780000)
  from space 17408K, 96% used [0x00000007c9880000,0x00000007ca8f3208,0x00000007ca980000)
  to   space 17408K, 0% used [0x00000007c8780000,0x00000007c8780000,0x00000007c9880000)
 ParOldGen       total 2796544K, used 234339K [0x0000000700000000, 0x00000007aab00000, 0x00000007aab00000)
  object space 2796544K, 8% used [0x0000000700000000,0x000000070e4d8e98,0x00000007aab00000)
 Metaspace       used 85518K, committed 87552K, reserved 1179648K
  class space    used 10026K, committed 11008K, reserved 1048576K
}
Event: 1090.748 GC heap after
{Heap after GC invocations=941 (full 6):
 PSYoungGen      total 505344K, used 15762K [0x00000007aab00000, 0x00000007cb100000, 0x0000000800000000)
  eden space 487936K, 0% used [0x00000007aab00000,0x00000007aab00000,0x00000007c8780000)
  from space 17408K, 90% used [0x00000007c8780000,0x00000007c96e49d8,0x00000007c9880000)
  to   space 16384K, 0% used [0x00000007ca100000,0x00000007ca100000,0x00000007cb100000)
 ParOldGen       total 2796544K, used 237863K [0x0000000700000000, 0x00000007aab00000, 0x00000007aab00000)
  object space 2796544K, 8% used [0x0000000700000000,0x000000070e849e08,0x00000007aab00000)
 Metaspace       used 85518K, committed 87552K, reserved 1179648K
  class space    used 10026K, committed 11008K, reserved 1048576K
}
Event: 1091.061 GC heap before
{Heap before GC invocations=942 (full 6):
 PSYoungGen      total 505344K, used 503698K [0x00000007aab00000, 0x00000007cb100000, 0x0000000800000000)
  eden space 487936K, 100% used [0x00000007aab00000,0x00000007c8780000,0x00000007c8780000)
  from space 17408K, 90% used [0x00000007c8780000,0x00000007c96e49d8,0x00000007c9880000)
  to   space 16384K, 0% used [0x00000007ca100000,0x00000007ca100000,0x00000007cb100000)
 ParOldGen       total 2796544K, used 237863K [0x0000000700000000, 0x00000007aab00000, 0x00000007aab00000)
  object space 2796544K, 8% used [0x0000000700000000,0x000000070e849e08,0x00000007aab00000)
 Metaspace       used 85518K, committed 87552K, reserved 1179648K
  class space    used 10026K, committed 11008K, reserved 1048576K
}
Event: 1091.077 GC heap after
{Heap after GC invocations=942 (full 6):
 PSYoungGen      total 510976K, used 13244K [0x00000007aab00000, 0x00000007cae00000, 0x0000000800000000)
  eden space 497664K, 0% used [0x00000007aab00000,0x00000007aab00000,0x00000007c9100000)
  from space 13312K, 99% used [0x00000007ca100000,0x00000007cadef068,0x00000007cae00000)
  to   space 14336K, 0% used [0x00000007c9200000,0x00000007c9200000,0x00000007ca000000)
 ParOldGen       total 2796544K, used 240043K [0x0000000700000000, 0x00000007aab00000, 0x00000007aab00000)
  object space 2796544K, 8% used [0x0000000700000000,0x000000070ea6ad38,0x00000007aab00000)
 Metaspace       used 85518K, committed 87552K, reserved 1179648K
  class space    used 10026K, committed 11008K, reserved 1048576K
}
Event: 1091.424 GC heap before
{Heap before GC invocations=943 (full 6):
 PSYoungGen      total 510976K, used 510908K [0x00000007aab00000, 0x00000007cae00000, 0x0000000800000000)
  eden space 497664K, 100% used [0x00000007aab00000,0x00000007c9100000,0x00000007c9100000)
  from space 13312K, 99% used [0x00000007ca100000,0x00000007cadef068,0x00000007cae00000)
  to   space 14336K, 0% used [0x00000007c9200000,0x00000007c9200000,0x00000007ca000000)
 ParOldGen       total 2796544K, used 240043K [0x0000000700000000, 0x00000007aab00000, 0x00000007aab00000)
  object space 2796544K, 8% used [0x0000000700000000,0x000000070ea6ad38,0x00000007aab00000)
 Metaspace       used 85521K, committed 87552K, reserved 1179648K
  class space    used 10027K, committed 11008K, reserved 1048576K
}
Event: 1091.436 GC heap after
{Heap after GC invocations=943 (full 6):
 PSYoungGen      total 513024K, used 11337K [0x00000007aab00000, 0x00000007cb200000, 0x0000000800000000)
  eden space 498688K, 0% used [0x00000007aab00000,0x00000007aab00000,0x00000007c9200000)
  from space 14336K, 79% used [0x00000007c9200000,0x00000007c9d12480,0x00000007ca000000)
  to   space 12288K, 0% used [0x00000007ca600000,0x00000007ca600000,0x00000007cb200000)
 ParOldGen       total 2796544K, used 241973K [0x0000000700000000, 0x00000007aab00000, 0x00000007aab00000)
  object space 2796544K, 8% used [0x0000000700000000,0x000000070ec4d5f8,0x00000007aab00000)
 Metaspace       used 85521K, committed 87552K, reserved 1179648K
  class space    used 10027K, committed 11008K, reserved 1048576K
}
Event: 1091.851 GC heap before
{Heap before GC invocations=944 (full 6):
 PSYoungGen      total 513024K, used 510025K [0x00000007aab00000, 0x00000007cb200000, 0x0000000800000000)
  eden space 498688K, 100% used [0x00000007aab00000,0x00000007c9200000,0x00000007c9200000)
  from space 14336K, 79% used [0x00000007c9200000,0x00000007c9d12480,0x00000007ca000000)
  to   space 12288K, 0% used [0x00000007ca600000,0x00000007ca600000,0x00000007cb200000)
 ParOldGen       total 2796544K, used 241973K [0x0000000700000000, 0x00000007aab00000, 0x00000007aab00000)
  object space 2796544K, 8% used [0x0000000700000000,0x000000070ec4d5f8,0x00000007aab00000)
 Metaspace       used 85546K, committed 87616K, reserved 1179648K
  class space    used 10028K, committed 11008K, reserved 1048576K
}
Event: 1091.861 GC heap after
{Heap after GC invocations=944 (full 6):
 PSYoungGen      total 517632K, used 10706K [0x00000007aab00000, 0x00000007cb080000, 0x0000000800000000)
  eden space 506880K, 0% used [0x00000007aab00000,0x00000007aab00000,0x00000007c9a00000)
  from space 10752K, 99% used [0x00000007ca600000,0x00000007cb074ba8,0x00000007cb080000)
  to   space 11264K, 0% used [0x00000007c9a80000,0x00000007c9a80000,0x00000007ca580000)
 ParOldGen       total 2796544K, used 242164K [0x0000000700000000, 0x00000007aab00000, 0x00000007aab00000)
  object space 2796544K, 8% used [0x0000000700000000,0x000000070ec7d1d8,0x00000007aab00000)
 Metaspace       used 85546K, committed 87616K, reserved 1179648K
  class space    used 10028K, committed 11008K, reserved 1048576K
}
Event: 1092.243 GC heap before
{Heap before GC invocations=945 (full 6):
 PSYoungGen      total 517632K, used 517586K [0x00000007aab00000, 0x00000007cb080000, 0x0000000800000000)
  eden space 506880K, 100% used [0x00000007aab00000,0x00000007c9a00000,0x00000007c9a00000)
  from space 10752K, 99% used [0x00000007ca600000,0x00000007cb074ba8,0x00000007cb080000)
  to   space 11264K, 0% used [0x00000007c9a80000,0x00000007c9a80000,0x00000007ca580000)
 ParOldGen       total 2796544K, used 242164K [0x0000000700000000, 0x00000007aab00000, 0x00000007aab00000)
  object space 2796544K, 8% used [0x0000000700000000,0x000000070ec7d1d8,0x00000007aab00000)
 Metaspace       used 85618K, committed 87680K, reserved 1179648K
  class space    used 10040K, committed 11008K, reserved 1048576K
}
Event: 1092.261 GC heap after
{Heap after GC invocations=945 (full 6):
 PSYoungGen      total 518656K, used 11258K [0x00000007aab00000, 0x00000007cc700000, 0x0000000800000000)
  eden space 507392K, 0% used [0x00000007aab00000,0x00000007aab00000,0x00000007c9a80000)
  from space 11264K, 99% used [0x00000007c9a80000,0x00000007ca57eb98,0x00000007ca580000)
  to   space 18944K, 0% used [0x00000007cb480000,0x00000007cb480000,0x00000007cc700000)
 ParOldGen       total 2796544K, used 248622K [0x0000000700000000, 0x00000007aab00000, 0x00000007aab00000)
  object space 2796544K, 8% used [0x0000000700000000,0x000000070f2cb930,0x00000007aab00000)
 Metaspace       used 85618K, committed 87680K, reserved 1179648K
  class space    used 10040K, committed 11008K, reserved 1048576K
}
Event: 1092.594 GC heap before
{Heap before GC invocations=946 (full 6):
 PSYoungGen      total 518656K, used 518650K [0x00000007aab00000, 0x00000007cc700000, 0x0000000800000000)
  eden space 507392K, 100% used [0x00000007aab00000,0x00000007c9a80000,0x00000007c9a80000)
  from space 11264K, 99% used [0x00000007c9a80000,0x00000007ca57eb98,0x00000007ca580000)
  to   space 18944K, 0% used [0x00000007cb480000,0x00000007cb480000,0x00000007cc700000)
 ParOldGen       total 2796544K, used 248624K [0x0000000700000000, 0x00000007aab00000, 0x00000007aab00000)
  object space 2796544K, 8% used [0x0000000700000000,0x000000070f2cc208,0x00000007aab00000)
 Metaspace       used 85637K, committed 87680K, reserved 1179648K
  class space    used 10044K, committed 11008K, reserved 1048576K
}
Event: 1092.614 GC heap after
{Heap after GC invocations=946 (full 6):
 PSYoungGen      total 534016K, used 16670K [0x00000007aab00000, 0x00000007cc580000, 0x0000000800000000)
  eden space 516608K, 0% used [0x00000007aab00000,0x00000007aab00000,0x00000007ca380000)
  from space 17408K, 95% used [0x00000007cb480000,0x00000007cc4c7888,0x00000007cc580000)
  to   space 17408K, 0% used [0x00000007ca380000,0x00000007ca380000,0x00000007cb480000)
 ParOldGen       total 2796544K, used 249240K [0x0000000700000000, 0x00000007aab00000, 0x00000007aab00000)
  object space 2796544K, 8% used [0x0000000700000000,0x000000070f366208,0x00000007aab00000)
 Metaspace       used 85637K, committed 87680K, reserved 1179648K
  class space    used 10044K, committed 11008K, reserved 1048576K
}
Event: 1092.984 GC heap before
{Heap before GC invocations=947 (full 6):
 PSYoungGen      total 534016K, used 533278K [0x00000007aab00000, 0x00000007cc580000, 0x0000000800000000)
  eden space 516608K, 100% used [0x00000007aab00000,0x00000007ca380000,0x00000007ca380000)
  from space 17408K, 95% used [0x00000007cb480000,0x00000007cc4c7888,0x00000007cc580000)
  to   space 17408K, 0% used [0x00000007ca380000,0x00000007ca380000,0x00000007cb480000)
 ParOldGen       total 2796544K, used 249240K [0x0000000700000000, 0x00000007aab00000, 0x00000007aab00000)
  object space 2796544K, 8% used [0x0000000700000000,0x000000070f366208,0x00000007aab00000)
 Metaspace       used 85664K, committed 87680K, reserved 1179648K
  class space    used 10047K, committed 11008K, reserved 1048576K
}
Event: 1093.011 GC heap after
{Heap after GC invocations=947 (full 6):
 PSYoungGen      total 534016K, used 17391K [0x00000007aab00000, 0x00000007cd680000, 0x0000000800000000)
  eden space 516608K, 0% used [0x00000007aab00000,0x00000007aab00000,0x00000007ca380000)
  from space 17408K, 99% used [0x00000007ca380000,0x00000007cb47bf08,0x00000007cb480000)
  to   space 20992K, 0% used [0x00000007cc200000,0x00000007cc200000,0x00000007cd680000)
 ParOldGen       total 2796544K, used 251930K [0x0000000700000000, 0x00000007aab00000, 0x00000007aab00000)
  object space 2796544K, 9% used [0x0000000700000000,0x000000070f606908,0x00000007aab00000)
 Metaspace       used 85664K, committed 87680K, reserved 1179648K
  class space    used 10047K, committed 11008K, reserved 1048576K
}
Event: 1093.456 GC heap before
{Heap before GC invocations=948 (full 6):
 PSYoungGen      total 534016K, used 533999K [0x00000007aab00000, 0x00000007cd680000, 0x0000000800000000)
  eden space 516608K, 100% used [0x00000007aab00000,0x00000007ca380000,0x00000007ca380000)
  from space 17408K, 99% used [0x00000007ca380000,0x00000007cb47bf08,0x00000007cb480000)
  to   space 20992K, 0% used [0x00000007cc200000,0x00000007cc200000,0x00000007cd680000)
 ParOldGen       total 2796544K, used 251930K [0x0000000700000000, 0x00000007aab00000, 0x00000007aab00000)
  object space 2796544K, 9% used [0x0000000700000000,0x000000070f606908,0x00000007aab00000)
 Metaspace       used 85665K, committed 87680K, reserved 1179648K
  class space    used 10047K, committed 11008K, reserved 1048576K
}
Event: 1093.483 GC heap after
{Heap after GC invocations=948 (full 6):
 PSYoungGen      total 541696K, used 20969K [0x00000007aab00000, 0x00000007ce280000, 0x0000000800000000)
  eden space 520704K, 0% used [0x00000007aab00000,0x00000007aab00000,0x00000007ca780000)
  from space 20992K, 99% used [0x00000007cc200000,0x00000007cd67a508,0x00000007cd680000)
  to   space 27136K, 0% used [0x00000007ca780000,0x00000007ca780000,0x00000007cc200000)
 ParOldGen       total 2796544K, used 256548K [0x0000000700000000, 0x00000007aab00000, 0x00000007aab00000)
  object space 2796544K, 9% used [0x0000000700000000,0x000000070fa89108,0x00000007aab00000)
 Metaspace       used 85665K, committed 87680K, reserved 1179648K
  class space    used 10047K, committed 11008K, reserved 1048576K
}
Event: 1093.820 GC heap before
{Heap before GC invocations=949 (full 6):
 PSYoungGen      total 541696K, used 541673K [0x00000007aab00000, 0x00000007ce280000, 0x0000000800000000)
  eden space 520704K, 100% used [0x00000007aab00000,0x00000007ca780000,0x00000007ca780000)
  from space 20992K, 99% used [0x00000007cc200000,0x00000007cd67a508,0x00000007cd680000)
  to   space 27136K, 0% used [0x00000007ca780000,0x00000007ca780000,0x00000007cc200000)
 ParOldGen       total 2796544K, used 256548K [0x0000000700000000, 0x00000007aab00000, 0x00000007aab00000)
  object space 2796544K, 9% used [0x0000000700000000,0x000000070fa89108,0x00000007aab00000)
 Metaspace       used 85675K, committed 87680K, reserved 1179648K
  class space    used 10049K, committed 11008K, reserved 1048576K
}
Event: 1093.838 GC heap after
{Heap after GC invocations=949 (full 6):
 PSYoungGen      total 547840K, used 22654K [0x00000007aab00000, 0x00000007ce080000, 0x0000000800000000)
  eden space 520704K, 0% used [0x00000007aab00000,0x00000007aab00000,0x00000007ca780000)
  from space 27136K, 83% used [0x00000007ca780000,0x00000007cbd9f848,0x00000007cc200000)
  to   space 24064K, 0% used [0x00000007cc900000,0x00000007cc900000,0x00000007ce080000)
 ParOldGen       total 2796544K, used 257476K [0x0000000700000000, 0x00000007aab00000, 0x00000007aab00000)
  object space 2796544K, 9% used [0x0000000700000000,0x000000070fb71108,0x00000007aab00000)
 Metaspace       used 85675K, committed 87680K, reserved 1179648K
  class space    used 10049K, committed 11008K, reserved 1048576K
}
Event: 1094.213 GC heap before
{Heap before GC invocations=950 (full 6):
 PSYoungGen      total 547840K, used 543358K [0x00000007aab00000, 0x00000007ce080000, 0x0000000800000000)
  eden space 520704K, 100% used [0x00000007aab00000,0x00000007ca780000,0x00000007ca780000)
  from space 27136K, 83% used [0x00000007ca780000,0x00000007cbd9f848,0x00000007cc200000)
  to   space 24064K, 0% used [0x00000007cc900000,0x00000007cc900000,0x00000007ce080000)
 ParOldGen       total 2796544K, used 257476K [0x0000000700000000, 0x00000007aab00000, 0x00000007aab00000)
  object space 2796544K, 9% used [0x0000000700000000,0x000000070fb71108,0x00000007aab00000)
 Metaspace       used 85683K, committed 87680K, reserved 1179648K
  class space    used 10049K, committed 11008K, reserved 1048576K
}
Event: 1094.233 GC heap after
{Heap after GC invocations=950 (full 6):
 PSYoungGen      total 552960K, used 21732K [0x00000007aab00000, 0x00000007cde80000, 0x0000000800000000)
  eden space 530944K, 0% used [0x00000007aab00000,0x00000007aab00000,0x00000007cb180000)
  from space 22016K, 98% used [0x00000007cc900000,0x00000007cde39348,0x00000007cde80000)
  to   space 22528K, 0% used [0x00000007cb280000,0x00000007cb280000,0x00000007cc880000)
 ParOldGen       total 2796544K, used 257476K [0x0000000700000000, 0x00000007aab00000, 0x00000007aab00000)
  object space 2796544K, 9% used [0x0000000700000000,0x000000070fb71108,0x00000007aab00000)
 Metaspace       used 85683K, committed 87680K, reserved 1179648K
  class space    used 10049K, committed 11008K, reserved 1048576K
}

Dll operation events (20 events):
Event: 0.284 Attempting to load shared library C:\Users\DELL\.vscode\extensions\redhat.java-1.56.0-win32-x64\jre\21.0.12.1-win32-x86_64\bin\zip.dll
Event: 0.284 Loaded shared library C:\Users\DELL\.vscode\extensions\redhat.java-1.56.0-win32-x64\jre\21.0.12.1-win32-x86_64\bin\zip.dll
Event: 0.403 Attempting to load shared library C:\Users\DELL\.vscode\extensions\redhat.java-1.56.0-win32-x64\jre\21.0.12.1-win32-x86_64\bin\jimage.dll
Event: 0.403 Loaded shared library C:\Users\DELL\.vscode\extensions\redhat.java-1.56.0-win32-x64\jre\21.0.12.1-win32-x86_64\bin\jimage.dll
Event: 1.259 Attempting to load shared library c:\Users\DELL\.vscode\extensions\redhat.java-1.56.0-win32-x64\jre\21.0.12.1-win32-x86_64\bin\verify.dll
Event: 1.259 Loaded shared library c:\Users\DELL\.vscode\extensions\redhat.java-1.56.0-win32-x64\jre\21.0.12.1-win32-x86_64\bin\verify.dll
Event: 29.533 Attempting to load shared library C:\Users\DELL\AppData\Roaming\Code\User\globalStorage\redhat.java\1.56.0\config_win\org.eclipse.equinox.launcher\org.eclipse.equinox.launcher.win32.win32.x86_64_1.3.100.v20260804-1928\eclipse_11924.dll
Event: 29.690 Loaded shared library C:\Users\DELL\AppData\Roaming\Code\User\globalStorage\redhat.java\1.56.0\config_win\org.eclipse.equinox.launcher\org.eclipse.equinox.launcher.win32.win32.x86_64_1.3.100.v20260804-1928\eclipse_11924.dll
Event: 66.185 Attempting to load shared library C:\Users\DELL\AppData\Local\Temp\jna-2094529\jna7130326026568851225.dll
Event: 66.414 Loaded shared library C:\Users\DELL\AppData\Local\Temp\jna-2094529\jna7130326026568851225.dll
Event: 104.709 Attempting to load shared library C:\Users\DELL\.gradle\native\660c5614fbf4a5f2a75b1949f50a0caf5cd603558e7d8a26e50b933a0cfb79d1\windows-amd64\native-platform.dll
Event: 104.710 Loaded shared library C:\Users\DELL\.gradle\native\660c5614fbf4a5f2a75b1949f50a0caf5cd603558e7d8a26e50b933a0cfb79d1\windows-amd64\native-platform.dll
Event: 110.778 Attempting to load shared library C:\Users\DELL\.vscode\extensions\redhat.java-1.56.0-win32-x64\jre\21.0.12.1-win32-x86_64\bin\management.dll
Event: 110.778 Loaded shared library C:\Users\DELL\.vscode\extensions\redhat.java-1.56.0-win32-x64\jre\21.0.12.1-win32-x86_64\bin\management.dll
Event: 110.785 Attempting to load shared library C:\Users\DELL\.vscode\extensions\redhat.java-1.56.0-win32-x64\jre\21.0.12.1-win32-x86_64\bin\management_ext.dll
Event: 110.786 Loaded shared library C:\Users\DELL\.vscode\extensions\redhat.java-1.56.0-win32-x64\jre\21.0.12.1-win32-x86_64\bin\management_ext.dll
Event: 128.912 Attempting to load shared library C:\Users\DELL\.vscode\extensions\redhat.java-1.56.0-win32-x64\jre\21.0.12.1-win32-x86_64\bin\extnet.dll
Event: 128.912 Loaded shared library C:\Users\DELL\.vscode\extensions\redhat.java-1.56.0-win32-x64\jre\21.0.12.1-win32-x86_64\bin\extnet.dll
Event: 162.588 Attempting to load shared library C:\Users\DELL\.vscode\extensions\redhat.java-1.56.0-win32-x64\jre\21.0.12.1-win32-x86_64\bin\sunmscapi.dll
Event: 162.651 Loaded shared library C:\Users\DELL\.vscode\extensions\redhat.java-1.56.0-win32-x64\jre\21.0.12.1-win32-x86_64\bin\sunmscapi.dll

Deoptimization events (20 events):
Event: 1099.263 Thread 0x000001fa7eebace0 Uncommon trap: trap_request=0xffffff45 fr.pc=0x000001fa7579711c relative=0x000000000000049c
Event: 1099.263 Thread 0x000001fa7eebace0 Uncommon trap: reason=unstable_if action=reinterpret pc=0x000001fa7579711c method=java.util.concurrent.ScheduledThreadPoolExecutor.canRunInCurrentRunState(Ljava/util/concurrent/RunnableScheduledFuture;)Z @ 4 c2
Event: 1099.263 Thread 0x000001fa7eebace0 DEOPT PACKING pc=0x000001fa7579711c sp=0x000000ba4edff190
Event: 1099.263 Thread 0x000001fa7eebace0 DEOPT UNPACKING pc=0x000001fa745b6da2 sp=0x000000ba4edff0e8 mode 2
Event: 1099.994 Thread 0x000001fa63ca0300 Uncommon trap: trap_request=0xffffffc6 fr.pc=0x000001fa757025f0 relative=0x00000000000006d0
Event: 1099.994 Thread 0x000001fa63ca0300 Uncommon trap: reason=bimorphic_or_optimized_type_check action=maybe_recompile pc=0x000001fa757025f0 method=java.lang.Character.codePointBefore(Ljava/lang/CharSequence;I)I @ 5 c2
Event: 1099.994 Thread 0x000001fa63ca0300 DEOPT PACKING pc=0x000001fa757025f0 sp=0x000000ba4edfe9f0
Event: 1099.994 Thread 0x000001fa63ca0300 DEOPT UNPACKING pc=0x000001fa745b6da2 sp=0x000000ba4edfe8f8 mode 2
Event: 1100.149 Thread 0x000001fa63c94b40 Uncommon trap: trap_request=0xffffffc6 fr.pc=0x000001fa757025f0 relative=0x00000000000006d0
Event: 1100.149 Thread 0x000001fa63c94b40 Uncommon trap: reason=bimorphic_or_optimized_type_check action=maybe_recompile pc=0x000001fa757025f0 method=java.lang.Character.codePointBefore(Ljava/lang/CharSequence;I)I @ 5 c2
Event: 1100.149 Thread 0x000001fa63c94b40 DEOPT PACKING pc=0x000001fa757025f0 sp=0x000000ba209fed80
Event: 1100.149 Thread 0x000001fa63c94b40 DEOPT UNPACKING pc=0x000001fa745b6da2 sp=0x000000ba209fec88 mode 2
Event: 1100.549 Thread 0x000001fa63c93e20 Uncommon trap: trap_request=0xffffffbe fr.pc=0x000001fa75d4672c relative=0x0000000000000fcc
Event: 1100.549 Thread 0x000001fa63c93e20 Uncommon trap: reason=profile_predicate action=maybe_recompile pc=0x000001fa75d4672c method=java.util.TimSort.gallopLeft(Ljava/lang/Object;[Ljava/lang/Object;IIILjava/util/Comparator;)I @ 263 c2
Event: 1100.549 Thread 0x000001fa63c93e20 DEOPT PACKING pc=0x000001fa75d4672c sp=0x000000ba4a3fe5e0
Event: 1100.549 Thread 0x000001fa63c93e20 DEOPT UNPACKING pc=0x000001fa745b6da2 sp=0x000000ba4a3fe578 mode 2
Event: 1100.696 Thread 0x000001fa63c972a0 Uncommon trap: trap_request=0xffffffbe fr.pc=0x000001fa75d4672c relative=0x0000000000000fcc
Event: 1100.696 Thread 0x000001fa63c972a0 Uncommon trap: reason=profile_predicate action=maybe_recompile pc=0x000001fa75d4672c method=java.util.TimSort.gallopLeft(Ljava/lang/Object;[Ljava/lang/Object;IIILjava/util/Comparator;)I @ 263 c2
Event: 1100.696 Thread 0x000001fa63c972a0 DEOPT PACKING pc=0x000001fa75d4672c sp=0x000000ba48afe6a0
Event: 1100.697 Thread 0x000001fa63c972a0 DEOPT UNPACKING pc=0x000001fa745b6da2 sp=0x000000ba48afe638 mode 2

Classes loaded (20 events):
Event: 590.749 Loading class java/util/LinkedList$LLSpliterator
Event: 590.826 Loading class java/util/LinkedList$LLSpliterator done
Event: 671.353 Loading class java/net/DatagramPacket
Event: 671.357 Loading class java/net/DatagramPacket done
Event: 767.369 Loading class java/nio/channels/CompletionHandler
Event: 767.374 Loading class java/nio/channels/CompletionHandler done
Event: 798.223 Loading class jdk/internal/module/IllegalAccessLogger
Event: 798.223 Loading class jdk/internal/module/IllegalAccessLogger done
Event: 1071.941 Loading class java/util/stream/ReduceOps$5
Event: 1071.946 Loading class java/util/stream/ReduceOps$5 done
Event: 1071.946 Loading class java/util/stream/ReduceOps$CountingSink$OfRef
Event: 1071.949 Loading class java/util/stream/ReduceOps$CountingSink
Event: 1071.967 Loading class java/util/stream/ReduceOps$CountingSink done
Event: 1071.967 Loading class java/util/stream/ReduceOps$CountingSink$OfRef done
Event: 1072.330 Loading class java/util/stream/ReduceOps$1
Event: 1072.362 Loading class java/util/stream/ReduceOps$1 done
Event: 1072.362 Loading class java/util/stream/ReduceOps$1ReducingSink
Event: 1072.362 Loading class java/util/stream/ReduceOps$1ReducingSink done
Event: 1089.203 Loading class java/io/SequenceInputStream
Event: 1089.296 Loading class java/io/SequenceInputStream done

Classes unloaded (20 events):
Event: 290.367 Thread 0x000001fa69eeb420 Unloading class 0x000001fa09008400 'java/lang/invoke/LambdaForm$MH+0x000001fa09008400'
Event: 290.367 Thread 0x000001fa69eeb420 Unloading class 0x000001fa09007000 'java/lang/invoke/LambdaForm$MH+0x000001fa09007000'
Event: 290.367 Thread 0x000001fa69eeb420 Unloading class 0x000001fa09006800 'java/lang/invoke/LambdaForm$MH+0x000001fa09006800'
Event: 290.367 Thread 0x000001fa69eeb420 Unloading class 0x000001fa09006400 'java/lang/invoke/LambdaForm$MH+0x000001fa09006400'
Event: 290.367 Thread 0x000001fa69eeb420 Unloading class 0x000001fa09006000 'java/lang/invoke/LambdaForm$MH+0x000001fa09006000'
Event: 290.367 Thread 0x000001fa69eeb420 Unloading class 0x000001fa09005c00 'java/lang/invoke/LambdaForm$BMH+0x000001fa09005c00'
Event: 290.367 Thread 0x000001fa69eeb420 Unloading class 0x000001fa09004800 'java/lang/invoke/LambdaForm$DMH+0x000001fa09004800'
Event: 290.367 Thread 0x000001fa69eeb420 Unloading class 0x000001fa09002800 'java/lang/invoke/LambdaForm$MH+0x000001fa09002800'
Event: 290.367 Thread 0x000001fa69eeb420 Unloading class 0x000001fa09002400 'java/lang/invoke/LambdaForm$MH+0x000001fa09002400'
Event: 290.367 Thread 0x000001fa69eeb420 Unloading class 0x000001fa09002000 'java/lang/invoke/LambdaForm$MH+0x000001fa09002000'
Event: 290.367 Thread 0x000001fa69eeb420 Unloading class 0x000001fa09001800 'java/lang/invoke/LambdaForm$MH+0x000001fa09001800'
Event: 290.367 Thread 0x000001fa69eeb420 Unloading class 0x000001fa09000400 'java/lang/invoke/LambdaForm$MH+0x000001fa09000400'
Event: 834.027 Thread 0x000001fa69eeb420 Unloading class 0x000001fa09949400 'java/lang/invoke/LambdaForm$MH+0x000001fa09949400'
Event: 834.027 Thread 0x000001fa69eeb420 Unloading class 0x000001fa09949000 'java/lang/invoke/LambdaForm$MH+0x000001fa09949000'
Event: 834.028 Thread 0x000001fa69eeb420 Unloading class 0x000001fa09948c00 'java/lang/invoke/LambdaForm$MH+0x000001fa09948c00'
Event: 834.028 Thread 0x000001fa69eeb420 Unloading class 0x000001fa09948800 'java/lang/invoke/LambdaForm$MH+0x000001fa09948800'
Event: 834.028 Thread 0x000001fa69eeb420 Unloading class 0x000001fa09948400 'java/lang/invoke/LambdaForm$MH+0x000001fa09948400'
Event: 834.028 Thread 0x000001fa69eeb420 Unloading class 0x000001fa09948000 'java/lang/invoke/LambdaForm$MH+0x000001fa09948000'
Event: 834.028 Thread 0x000001fa69eeb420 Unloading class 0x000001fa09940c00 'java/lang/invoke/LambdaForm$MH+0x000001fa09940c00'
Event: 834.028 Thread 0x000001fa69eeb420 Unloading class 0x000001fa0988e800 'java/lang/invoke/LambdaForm$MH+0x000001fa0988e800'

Classes redefined (0 events):
No events

Internal exceptions (20 events):
Event: 1099.963 Thread 0x000001fa630707e0 Exception <a 'sun/nio/fs/WindowsException'{0x00000007ac6c6068}> (0x00000007ac6c6068) 
thrown [s\src\hotspot\share\prims\jni.cpp, line 520]
Event: 1099.970 Thread 0x000001fa4eecbd80 Exception <a 'sun/nio/fs/WindowsException'{0x00000007ac767ed0}> (0x00000007ac767ed0) 
thrown [s\src\hotspot\share\prims\jni.cpp, line 520]
Event: 1100.022 Thread 0x000001fa63ca3780 Exception <a 'java/io/IOException'{0x00000007b736f7c8}: CreateProcess error=1455, The paging file is too small for this operation to complete> (0x00000007b736f7c8) 
thrown [s\src\hotspot\share\prims\jni.cpp, line 539]
Event: 1100.075 Thread 0x000001fa627c8e50 Exception <a 'sun/nio/fs/WindowsException'{0x00000007ad7af218}> (0x00000007ad7af218) 
thrown [s\src\hotspot\share\prims\jni.cpp, line 520]
Event: 1100.075 Thread 0x000001fa63eb4120 Exception <a 'sun/nio/fs/WindowsException'{0x00000007add67590}> (0x00000007add67590) 
thrown [s\src\hotspot\share\prims\jni.cpp, line 520]
Event: 1100.147 Thread 0x000001fa619978f0 Exception <a 'sun/nio/fs/WindowsException'{0x00000007adbd9db8}> (0x00000007adbd9db8) 
thrown [s\src\hotspot\share\prims\jni.cpp, line 520]
Event: 1100.191 Thread 0x000001fa4eec8f90 Exception <a 'sun/nio/fs/WindowsException'{0x00000007aacf4ee0}> (0x00000007aacf4ee0) 
thrown [s\src\hotspot\share\prims\jni.cpp, line 520]
Event: 1100.260 Thread 0x000001fa62de5ea0 Exception <a 'sun/nio/fs/WindowsException'{0x00000007ac683ce8}> (0x00000007ac683ce8) 
thrown [s\src\hotspot\share\prims\jni.cpp, line 520]
Event: 1100.316 Thread 0x000001fa6241fea0 Exception <a 'sun/nio/fs/WindowsException'{0x00000007ac89f870}> (0x00000007ac89f870) 
thrown [s\src\hotspot\share\prims\jni.cpp, line 520]
Event: 1100.323 Thread 0x000001fa63099eb0 Exception <a 'sun/nio/fs/WindowsException'{0x00000007ac6a9138}> (0x00000007ac6a9138) 
thrown [s\src\hotspot\share\prims\jni.cpp, line 520]
Event: 1100.545 Thread 0x000001fa62a63460 Exception <a 'sun/nio/fs/WindowsException'{0x00000007ada57930}> (0x00000007ada57930) 
thrown [s\src\hotspot\share\prims\jni.cpp, line 520]
Event: 1100.546 Thread 0x000001fa62a596e0 Exception <a 'sun/nio/fs/WindowsException'{0x00000007ac36c0d0}> (0x00000007ac36c0d0) 
thrown [s\src\hotspot\share\prims\jni.cpp, line 520]
Event: 1100.607 Thread 0x000001fa6240b680 Exception <a 'sun/nio/fs/WindowsException'{0x00000007ad836370}> (0x00000007ad836370) 
thrown [s\src\hotspot\share\prims\jni.cpp, line 520]
Event: 1100.690 Thread 0x000001fa6133db30 Exception <a 'sun/nio/fs/WindowsException'{0x00000007ab166558}> (0x00000007ab166558) 
thrown [s\src\hotspot\share\prims\jni.cpp, line 520]
Event: 1100.739 Thread 0x000001fa62dda050 Exception <a 'sun/nio/fs/WindowsException'{0x00000007ac4a90c8}> (0x00000007ac4a90c8) 
thrown [s\src\hotspot\share\prims\jni.cpp, line 520]
Event: 1100.829 Thread 0x000001fa63eacb00 Exception <a 'sun/nio/fs/WindowsException'{0x00000007ad820068}> (0x00000007ad820068) 
thrown [s\src\hotspot\share\prims\jni.cpp, line 520]
Event: 1100.841 Thread 0x000001fa62a5a400 Exception <a 'sun/nio/fs/WindowsException'{0x00000007ac857668}> (0x00000007ac857668) 
thrown [s\src\hotspot\share\prims\jni.cpp, line 520]
Event: 1100.848 Thread 0x000001fa57877370 Exception <a 'sun/nio/fs/WindowsException'{0x00000007ac7d0020}> (0x00000007ac7d0020) 
thrown [s\src\hotspot\share\prims\jni.cpp, line 520]
Event: 1100.871 Thread 0x000001fa630a9810 Exception <a 'sun/nio/fs/WindowsException'{0x00000007ac789e78}> (0x00000007ac789e78) 
thrown [s\src\hotspot\share\prims\jni.cpp, line 520]
Event: 1100.933 Thread 0x000001fa61991d10 Exception <a 'sun/nio/fs/WindowsException'{0x00000007ac815180}> (0x00000007ac815180) 
thrown [s\src\hotspot\share\prims\jni.cpp, line 520]

ZGC Phase Switch (0 events):
No events

VM Operations (20 events):
Event: 1092.593 Executing safepoint VM operation: ParallelGCFailedAllocation (Allocation Failure)
Event: 1092.614 Executing safepoint VM operation: ParallelGCFailedAllocation (Allocation Failure) done
Event: 1092.963 Executing safepoint VM operation: ParallelGCFailedAllocation (Allocation Failure)
Event: 1093.011 Executing safepoint VM operation: ParallelGCFailedAllocation (Allocation Failure) done
Event: 1093.447 Executing safepoint VM operation: ParallelGCFailedAllocation (Allocation Failure)
Event: 1093.483 Executing safepoint VM operation: ParallelGCFailedAllocation (Allocation Failure) done
Event: 1093.806 Executing safepoint VM operation: ParallelGCFailedAllocation (Allocation Failure)
Event: 1093.838 Executing safepoint VM operation: ParallelGCFailedAllocation (Allocation Failure) done
Event: 1094.212 Executing safepoint VM operation: ParallelGCFailedAllocation (Allocation Failure)
Event: 1094.234 Executing safepoint VM operation: ParallelGCFailedAllocation (Allocation Failure) done
Event: 1095.241 Executing safepoint VM operation: Cleanup
Event: 1095.304 Executing safepoint VM operation: Cleanup done
Event: 1096.309 Executing safepoint VM operation: Cleanup
Event: 1096.373 Executing safepoint VM operation: Cleanup done
Event: 1098.394 Executing safepoint VM operation: Cleanup
Event: 1098.474 Executing safepoint VM operation: Cleanup done
Event: 1099.484 Executing safepoint VM operation: Cleanup
Event: 1099.484 Executing safepoint VM operation: Cleanup done
Event: 1100.491 Executing safepoint VM operation: Cleanup
Event: 1100.523 Executing safepoint VM operation: Cleanup done

Memory protections (0 events):
No events

Nmethod flushes (20 events):
Event: 290.406 Thread 0x000001fa69eeb420 flushing  nmethod 0x000001fa6e1db490
Event: 290.406 Thread 0x000001fa69eeb420 flushing  nmethod 0x000001fa6e1df490
Event: 290.406 Thread 0x000001fa69eeb420 flushing  nmethod 0x000001fa6e1e3f90
Event: 290.406 Thread 0x000001fa69eeb420 flushing  nmethod 0x000001fa6e1e7c10
Event: 290.406 Thread 0x000001fa69eeb420 flushing  nmethod 0x000001fa6e1e8290
Event: 290.406 Thread 0x000001fa69eeb420 flushing  nmethod 0x000001fa6e1e8b10
Event: 290.406 Thread 0x000001fa69eeb420 flushing  nmethod 0x000001fa6e1e9c10
Event: 290.406 Thread 0x000001fa69eeb420 flushing  nmethod 0x000001fa6e1f7e90
Event: 290.406 Thread 0x000001fa69eeb420 flushing  nmethod 0x000001fa6e1f8490
Event: 290.406 Thread 0x000001fa69eeb420 flushing  nmethod 0x000001fa6e205910
Event: 290.406 Thread 0x000001fa69eeb420 flushing  nmethod 0x000001fa6e207390
Event: 290.406 Thread 0x000001fa69eeb420 flushing  nmethod 0x000001fa6e213e10
Event: 290.406 Thread 0x000001fa69eeb420 flushing  nmethod 0x000001fa6e218110
Event: 290.406 Thread 0x000001fa69eeb420 flushing  nmethod 0x000001fa6e224290
Event: 290.406 Thread 0x000001fa69eeb420 flushing  nmethod 0x000001fa6e240410
Event: 290.406 Thread 0x000001fa69eeb420 flushing  nmethod 0x000001fa6e2f5e10
Event: 290.406 Thread 0x000001fa69eeb420 flushing  nmethod 0x000001fa6e2f9890
Event: 834.299 Thread 0x000001fa69eeb420 flushing osr nmethod 0x000001fa6d100a90
Event: 834.299 Thread 0x000001fa69eeb420 flushing  nmethod 0x000001fa6df6de90
Event: 834.299 Thread 0x000001fa69eeb420 flushing osr nmethod 0x000001fa6e334e90

Events (20 events):
Event: 1100.952 Thread 0x000001fa63099eb0 Thread added: 0x000001fa63c9f5e0
Event: 1100.953 Thread 0x000001fa62de5ea0 Thread added: 0x000001fa63c9c160
Event: 1100.954 Thread 0x000001fa61991d10 Thread added: 0x000001fa63ca1d40
Event: 1100.954 Thread 0x000001fa6241fea0 Thread added: 0x000001fa63ca3780
Event: 1100.954 Thread 0x000001fa57877370 Thread added: 0x000001fa63ca0300
Event: 1100.954 Thread 0x000001fa630a9810 Thread added: 0x000001fa63ca2a60
Event: 1100.954 Thread 0x000001fa62a5a400 Thread added: 0x000001fa63ca3e10
Event: 1100.954 Thread 0x000001fa63eacb00 Thread added: 0x000001fa63ca44a0
Event: 1101.037 Thread 0x000001fa62dda050 Thread added: 0x000001fa63ca16b0
Event: 1101.037 Thread 0x000001fa63e95b80 Thread added: 0x000001fa63ca6570
Event: 1101.056 Thread 0x000001fa63c9adb0 Thread added: 0x000001fa63ca7920
Event: 1101.056 Thread 0x000001fa63c9adb0 Thread added: 0x000001fa63ca8640
Event: 1101.060 Thread 0x000001fa63c99a00 Thread added: 0x000001fa63ca5ee0
Event: 1101.060 Thread 0x000001fa63c99a00 Thread added: 0x000001fa63ca6c00
Event: 1101.068 Thread 0x000001fa63ec5b50 Thread added: 0x000001fa63ca8cd0
Event: 1101.078 Thread 0x000001fa63ec2040 Thread added: 0x000001fa63ca7290
Event: 1101.100 Thread 0x000001fa63ca7920 Thread exited: 0x000001fa63ca7920
Event: 1101.104 Thread 0x000001fa63ca5ee0 Thread exited: 0x000001fa63ca5ee0
Event: 1101.133 Thread 0x000001fa63ec61e0 Thread added: 0x000001fa63ca7920
Event: 1101.195 Thread 0x000001fa63ec9660 Thread added: 0x000001fa63ca7fb0


Dynamic libraries:
0x00007ff658960000 - 0x00007ff65896e000 	c:\Users\DELL\.vscode\extensions\redhat.java-1.56.0-win32-x64\jre\21.0.12.1-win32-x86_64\bin\java.exe
0x00007ffc5fdc0000 - 0x00007ffc60027000 	C:\WINDOWS\SYSTEM32\ntdll.dll
0x00007ffc5f3b0000 - 0x00007ffc5f47b000 	C:\WINDOWS\System32\KERNEL32.DLL
0x00007ffc5d6d0000 - 0x00007ffc5dad2000 	C:\WINDOWS\System32\KERNELBASE.dll
0x00007ffc5d050000 - 0x00007ffc5d19c000 	C:\WINDOWS\System32\ucrtbase.dll
0x00007ffc36d40000 - 0x00007ffc36d58000 	c:\Users\DELL\.vscode\extensions\redhat.java-1.56.0-win32-x64\jre\21.0.12.1-win32-x86_64\bin\jli.dll
0x00007ffc5f920000 - 0x00007ffc5faef000 	C:\WINDOWS\System32\USER32.dll
0x00007ffc5d2e0000 - 0x00007ffc5d307000 	C:\WINDOWS\System32\win32u.dll
0x00007ffc5e3f0000 - 0x00007ffc5e41b000 	C:\WINDOWS\System32\GDI32.dll
0x00007ffc5d1b0000 - 0x00007ffc5d2d9000 	C:\WINDOWS\System32\gdi32full.dll
0x00007ffc5d4a0000 - 0x00007ffc5d543000 	C:\WINDOWS\System32\msvcp_win.dll
0x00007ffc361b0000 - 0x00007ffc361ce000 	c:\Users\DELL\.vscode\extensions\redhat.java-1.56.0-win32-x64\jre\21.0.12.1-win32-x86_64\bin\VCRUNTIME140.dll
0x00007ffc434a0000 - 0x00007ffc43730000 	C:\WINDOWS\WinSxS\amd64_microsoft.windows.common-controls_6595b64144ccf1df_6.0.26100.9278_none_3e0d1ba8e3303201\COMCTL32.dll
0x00007ffc5f4d0000 - 0x00007ffc5f579000 	C:\WINDOWS\System32\msvcrt.dll
0x00007ffc5dfe0000 - 0x00007ffc5e011000 	C:\WINDOWS\System32\IMM32.DLL
0x00007ffc413a0000 - 0x00007ffc413ac000 	c:\Users\DELL\.vscode\extensions\redhat.java-1.56.0-win32-x64\jre\21.0.12.1-win32-x86_64\bin\vcruntime140_1.dll
0x00007ffc12530000 - 0x00007ffc125bd000 	c:\Users\DELL\.vscode\extensions\redhat.java-1.56.0-win32-x64\jre\21.0.12.1-win32-x86_64\bin\msvcp140.dll
0x00007ffbc8de0000 - 0x00007ffbc9b82000 	c:\Users\DELL\.vscode\extensions\redhat.java-1.56.0-win32-x64\jre\21.0.12.1-win32-x86_64\bin\server\jvm.dll
0x00007ffc5e620000 - 0x00007ffc5e6dc000 	C:\WINDOWS\System32\ADVAPI32.dll
0x00007ffc5f720000 - 0x00007ffc5f7c9000 	C:\WINDOWS\System32\sechost.dll
0x00007ffc5e420000 - 0x00007ffc5e538000 	C:\WINDOWS\System32\RPCRT4.dll
0x00007ffc5e360000 - 0x00007ffc5e3e0000 	C:\WINDOWS\System32\WS2_32.dll
0x00007ffc5ce20000 - 0x00007ffc5ce7e000 	C:\WINDOWS\SYSTEM32\POWRPROF.dll
0x00007ffc552d0000 - 0x00007ffc55306000 	C:\WINDOWS\SYSTEM32\WINMM.dll
0x00007ffc4b6d0000 - 0x00007ffc4b6db000 	C:\WINDOWS\SYSTEM32\VERSION.dll
0x00007ffc5ce00000 - 0x00007ffc5ce15000 	C:\WINDOWS\SYSTEM32\UMPDC.dll
0x00007ffc5bc90000 - 0x00007ffc5bcab000 	C:\WINDOWS\SYSTEM32\kernel.appcore.dll
0x00007ffc40470000 - 0x00007ffc4047a000 	c:\Users\DELL\.vscode\extensions\redhat.java-1.56.0-win32-x64\jre\21.0.12.1-win32-x86_64\bin\jimage.dll
0x00007ffc59f30000 - 0x00007ffc5a17c000 	C:\WINDOWS\SYSTEM32\DBGHELP.DLL
0x00007ffc5e6f0000 - 0x00007ffc5ea75000 	C:\WINDOWS\System32\combase.dll
0x00007ffc5e540000 - 0x00007ffc5e619000 	C:\WINDOWS\System32\OLEAUT32.dll
0x00007ffc379f0000 - 0x00007ffc37a2b000 	C:\WINDOWS\SYSTEM32\dbgcore.DLL
0x00007ffc5d550000 - 0x00007ffc5d5fc000 	C:\WINDOWS\System32\bcryptPrimitives.dll
0x00007ffc3f4d0000 - 0x00007ffc3f4df000 	c:\Users\DELL\.vscode\extensions\redhat.java-1.56.0-win32-x64\jre\21.0.12.1-win32-x86_64\bin\instrument.dll
0x00007ffc23a20000 - 0x00007ffc23a40000 	c:\Users\DELL\.vscode\extensions\redhat.java-1.56.0-win32-x64\jre\21.0.12.1-win32-x86_64\bin\java.dll
0x00007ffc5eb10000 - 0x00007ffc5f2a8000 	C:\WINDOWS\System32\SHELL32.dll
0x00007ffc5aa00000 - 0x00007ffc5b2ae000 	C:\WINDOWS\SYSTEM32\windows.storage.dll
0x00007ffc5f2b0000 - 0x00007ffc5f3ab000 	C:\WINDOWS\System32\SHCORE.dll
0x00007ffc5e2f0000 - 0x00007ffc5e356000 	C:\WINDOWS\System32\shlwapi.dll
0x00007ffc5cee0000 - 0x00007ffc5cf09000 	C:\WINDOWS\SYSTEM32\profapi.dll
0x00007ffc239a0000 - 0x00007ffc239b8000 	c:\Users\DELL\.vscode\extensions\redhat.java-1.56.0-win32-x64\jre\21.0.12.1-win32-x86_64\bin\zip.dll
0x00007ffc3f350000 - 0x00007ffc3f360000 	C:\Users\DELL\.vscode\extensions\redhat.java-1.56.0-win32-x64\jre\21.0.12.1-win32-x86_64\bin\net.dll
0x00007ffc4e190000 - 0x00007ffc4e2ba000 	C:\WINDOWS\SYSTEM32\WINHTTP.dll
0x00007ffc5c250000 - 0x00007ffc5c2bc000 	C:\WINDOWS\system32\mswsock.dll
0x00007ffc23dc0000 - 0x00007ffc23dd6000 	C:\Users\DELL\.vscode\extensions\redhat.java-1.56.0-win32-x64\jre\21.0.12.1-win32-x86_64\bin\nio.dll
0x00007ffc36670000 - 0x00007ffc36680000 	c:\Users\DELL\.vscode\extensions\redhat.java-1.56.0-win32-x64\jre\21.0.12.1-win32-x86_64\bin\verify.dll
0x00007ffc22530000 - 0x00007ffc22575000 	C:\Users\DELL\AppData\Roaming\Code\User\globalStorage\redhat.java\1.56.0\config_win\org.eclipse.equinox.launcher\org.eclipse.equinox.launcher.win32.win32.x86_64_1.3.100.v20260804-1928\eclipse_11924.dll
0x00007ffc5f580000 - 0x00007ffc5f71a000 	C:\WINDOWS\System32\ole32.dll
0x00007ffc5c540000 - 0x00007ffc5c55b000 	C:\WINDOWS\SYSTEM32\CRYPTSP.dll
0x00007ffc5bbf0000 - 0x00007ffc5bc29000 	C:\WINDOWS\system32\rsaenh.dll
0x00007ffc5c300000 - 0x00007ffc5c334000 	C:\WINDOWS\SYSTEM32\USERENV.dll
0x00007ffc5ceb0000 - 0x00007ffc5ceda000 	C:\WINDOWS\SYSTEM32\bcrypt.dll
0x00007ffc5c560000 - 0x00007ffc5c56c000 	C:\WINDOWS\SYSTEM32\CRYPTBASE.dll
0x00007ffc5b6d0000 - 0x00007ffc5b703000 	C:\WINDOWS\SYSTEM32\IPHLPAPI.DLL
0x00007ffc5fb00000 - 0x00007ffc5fb0a000 	C:\WINDOWS\System32\NSI.dll
0x00007ffbe4ee0000 - 0x00007ffbe4f29000 	C:\Users\DELL\AppData\Local\Temp\jna-2094529\jna7130326026568851225.dll
0x00007ffc5dfd0000 - 0x00007ffc5dfd8000 	C:\WINDOWS\System32\PSAPI.DLL
0x00007ffc4e2c0000 - 0x00007ffc4e2dd000 	C:\WINDOWS\SYSTEM32\dhcpcsvc6.DLL
0x00007ffc4e0c0000 - 0x00007ffc4e0e5000 	C:\WINDOWS\SYSTEM32\dhcpcsvc.DLL
0x00007ffc57510000 - 0x00007ffc57537000 	C:\Users\DELL\.gradle\native\660c5614fbf4a5f2a75b1949f50a0caf5cd603558e7d8a26e50b933a0cfb79d1\windows-amd64\native-platform.dll
0x00007ffc2dbe0000 - 0x00007ffc2dbea000 	C:\Users\DELL\.vscode\extensions\redhat.java-1.56.0-win32-x64\jre\21.0.12.1-win32-x86_64\bin\management.dll
0x00007ffc2d6a0000 - 0x00007ffc2d6ac000 	C:\Users\DELL\.vscode\extensions\redhat.java-1.56.0-win32-x64\jre\21.0.12.1-win32-x86_64\bin\management_ext.dll
0x00007ffc27b80000 - 0x00007ffc27b89000 	C:\Users\DELL\.vscode\extensions\redhat.java-1.56.0-win32-x64\jre\21.0.12.1-win32-x86_64\bin\extnet.dll
0x00007ffc2ce40000 - 0x00007ffc2ce4e000 	C:\Users\DELL\.vscode\extensions\redhat.java-1.56.0-win32-x64\jre\21.0.12.1-win32-x86_64\bin\sunmscapi.dll
0x00007ffc5d310000 - 0x00007ffc5d48e000 	C:\WINDOWS\System32\CRYPT32.dll
0x00007ffc5c780000 - 0x00007ffc5c7b0000 	C:\WINDOWS\SYSTEM32\ncrypt.dll
0x00007ffc5c730000 - 0x00007ffc5c76f000 	C:\WINDOWS\SYSTEM32\NTASN1.dll
0x00007ffbe23f0000 - 0x00007ffbe23f8000 	C:\WINDOWS\system32\wshunix.dll

JVMTI agents:
c:\Users\DELL\.vscode\extensions\redhat.java-1.56.0-win32-x64\lombok\lombok-1.18.39-4050.jar path:c:\Users\DELL\.vscode\extensions\redhat.java-1.56.0-win32-x64\jre\21.0.12.1-win32-x86_64\bin\instrument.dll, loaded, initialized, instrumentlib options:none

dbghelp: loaded successfully - version: 4.0.5 - missing functions: none
symbol engine: initialized successfully - sym options: 0x614 - pdb path: .;c:\Users\DELL\.vscode\extensions\redhat.java-1.56.0-win32-x64\jre\21.0.12.1-win32-x86_64\bin;C:\WINDOWS\SYSTEM32;C:\WINDOWS\WinSxS\amd64_microsoft.windows.common-controls_6595b64144ccf1df_6.0.26100.9278_none_3e0d1ba8e3303201;c:\Users\DELL\.vscode\extensions\redhat.java-1.56.0-win32-x64\jre\21.0.12.1-win32-x86_64\bin\server;C:\Users\DELL\AppData\Roaming\Code\User\globalStorage\redhat.java\1.56.0\config_win\org.eclipse.equinox.launcher\org.eclipse.equinox.launcher.win32.win32.x86_64_1.3.100.v20260804-1928;C:\Users\DELL\AppData\Local\Temp\jna-2094529;C:\Users\DELL\.gradle\native\660c5614fbf4a5f2a75b1949f50a0caf5cd603558e7d8a26e50b933a0cfb79d1\windows-amd64

VM Arguments:
jvm_args: --add-modules=ALL-SYSTEM --add-opens=java.base/java.util=ALL-UNNAMED --add-opens=java.base/java.lang=ALL-UNNAMED --add-opens=java.base/sun.nio.fs=ALL-UNNAMED -Declipse.application=org.eclipse.jdt.ls.core.id1 -Dosgi.bundles.defaultStartLevel=4 -Declipse.product=org.eclipse.jdt.ls.core.product -Djava.import.generatesMetadataFilesAtProjectRoot=false -Dm2e.project.cache.size=50 -DDetectVMInstallationsJob.disabled=true -Dfile.encoding=utf8 -XX:+UseParallelGC -XX:GCTimeRatio=4 -XX:AdaptiveSizePolicyWeight=90 -Dsun.zip.disableMemoryMapping=true -Xmx4G -Xms100m -Xlog:disable -javaagent:c:\Users\DELL\.vscode\extensions\redhat.java-1.56.0-win32-x64\lombok\lombok-1.18.39-4050.jar -XX:+HeapDumpOnOutOfMemoryError -XX:HeapDumpPath=c:\Users\DELL\AppData\Roaming\Code\User\workspaceStorage\a5ac2a6fd35a4b62912360b39a72383d\redhat.java -Daether.dependencyCollector.impl=bf 
java_command: c:\Users\DELL\.vscode\extensions\redhat.java-1.56.0-win32-x64\server\plugins\org.eclipse.equinox.launcher_1.8.0.v20260804-1928.jar -configuration c:\Users\DELL\AppData\Roaming\Code\User\globalStorage\redhat.java\1.56.0\config_win -data c:\Users\DELL\AppData\Roaming\Code\User\workspaceStorage\a5ac2a6fd35a4b62912360b39a72383d\redhat.java\jdt_ws --pipe=\\.\pipe\lsp-bd04da6b3e5c8cdba673d6cef50d00ad-sock
java_class_path (initial): c:\Users\DELL\.vscode\extensions\redhat.java-1.56.0-win32-x64\server\plugins\org.eclipse.equinox.launcher_1.8.0.v20260804-1928.jar
Launcher Type: SUN_STANDARD

[Global flags]
    uintx AdaptiveSizePolicyWeight                 = 90                                        {product} {command line}
     intx CICompilerCount                          = 3                                         {product} {ergonomic}
    uintx GCTimeRatio                              = 4                                         {product} {command line}
     bool HeapDumpOnOutOfMemoryError               = true                                   {manageable} {command line}
    ccstr HeapDumpPath                             = c:\Users\DELL\AppData\Roaming\Code\User\workspaceStorage\a5ac2a6fd35a4b62912360b39a72383d\redhat.java         {manageable} {command line}
   size_t InitialHeapSize                          = 104857600                                 {product} {command line}
   size_t MaxHeapSize                              = 4294967296                                {product} {command line}
   size_t MaxNewSize                               = 1431306240                                {product} {ergonomic}
   size_t MinHeapDeltaBytes                        = 524288                                    {product} {ergonomic}
   size_t MinHeapSize                              = 104857600                                 {product} {command line}
   size_t NewSize                                  = 34603008                                  {product} {ergonomic}
    uintx NonNMethodCodeHeapSize                   = 5832780                                {pd product} {ergonomic}
    uintx NonProfiledCodeHeapSize                  = 122912730                              {pd product} {ergonomic}
   size_t OldSize                                  = 70254592                                  {product} {ergonomic}
    uintx ProfiledCodeHeapSize                     = 122912730                              {pd product} {ergonomic}
    uintx ReservedCodeCacheSize                    = 251658240                              {pd product} {ergonomic}
     bool SegmentedCodeCache                       = true                                      {product} {ergonomic}
   size_t SoftMaxHeapSize                          = 4294967296                             {manageable} {ergonomic}
     bool UseCompressedOops                        = true                           {product lp64_product} {ergonomic}
     bool UseLargePagesIndividualAllocation        = false                                  {pd product} {ergonomic}
     bool UseParallelGC                            = true                                      {product} {command line}

Logging:
Log output configuration:
 #0: stdout all=off uptime,level,tags foldmultilines=false
 #1: stderr all=off uptime,level,tags foldmultilines=false

Release file:
JAVA_VERSION="21.0.12.1" 
MODULES="java.base java.compiler java.datatransfer java.xml java.prefs java.desktop java.instrument java.logging java.management java.security.sasl java.naming java.rmi java.management.rmi java.net.http java.scripting java.security.jgss java.transaction.xa java.sql java.sql.rowset java.xml.crypto java.se java.smartcardio jdk.accessibility jdk.internal.jvmstat jdk.attach jdk.charsets jdk.internal.opt jdk.zipfs jdk.compiler jdk.crypto.ec jdk.crypto.cryptoki jdk.crypto.mscapi jdk.dynalink jdk.internal.ed jdk.editpad jdk.hotspot.agent jdk.httpserver jdk.internal.le jdk.internal.vm.ci jdk.internal.vm.compiler jdk.internal.vm.compiler.management jdk.jartool jdk.javadoc jdk.jcmd jdk.management jdk.management.agent jdk.jconsole jdk.jdeps jdk.jdwp.agent jdk.jdi jdk.jfr jdk.jshell jdk.jsobject jdk.jstatd jdk.localedata jdk.management.jfr jdk.naming.dns jdk.naming.rmi jdk.net jdk.nio.mapmode jdk.random jdk.sctp jdk.security.auth jdk.security.jgss jdk.unsupported jdk.unsupported.desktop jdk.xml.dom" 

Environment Variables:
JAVA_HOME=C:\Program Files\Eclipse Adoptium\jdk-17.0.20.101-hotspot
PATH=C:\Program Files\Eclipse Adoptium\jdk-17.0.20.101-hotspot\bin;C:\WINDOWS\system32;C:\WINDOWS;C:\WINDOWS\System32\Wbem;C:\WINDOWS\System32\WindowsPowerShell\v1.0\;C:\WINDOWS\System32\OpenSSH\;C:\Program Files\dotnet\;C:\ProgramData\chocolatey\bin;C:\Users\DELL\Downloads;C:\Python313;C:\Program Files\nodejs\;C:\Program Files\Java\jdk-20\bin;C:\Program Files\Git\cmd;C:\Program Files\MySQL\MySQL Shell 8.0\bin\;C:\Users\DELL\miniconda3;C:\Users\DELL\miniconda3\Library\mingw-w64\bin;C:\Users\DELL\miniconda3\Library\usr\bin;C:\Users\DELL\miniconda3\Library\bin;C:\Users\DELL\miniconda3\Scripts;C:\Users\DELL\AppData\Local\Programs\Python\Launcher\;C:\Python313\Scripts\;C:\Python313\;C:\Users\DELL\AppData\Local\Programs\Python\Python313\Scripts\;C:\Users\DELL\AppData\Local\Programs\Python\Python313\;C:\Program Files\Java\jdk-20\bin;C:\Users\DELL\AppData\Local\Programs\Microsoft VS Code\bin;C:\Users\DELL\AppData\Local\Microsoft\WindowsApps;C:\Users\DELL\AppData\Local\Programs\Python\Python312\Scripts;C:\Users\DELL\.dotnet\tools;C:\Users\DELL\AppData\Local\GitHubDesktop\bin;C:\Users\DELL\AppData\Roaming\npm
USERNAME=DELL
OS=Windows_NT
PROCESSOR_IDENTIFIER=Intel64 Family 6 Model 140 Stepping 1, GenuineIntel
TMP=C:\Users\DELL\AppData\Local\Temp
TEMP=C:\Users\DELL\AppData\Local\Temp




Periodic native trim disabled

---------------  S Y S T E M  ---------------

OS:
 Windows 11 , 64 bit Build 26100 (10.0.26100.9444)
OS uptime: 0 days 13:00 hours
Hyper-V role detected

CPU: total 4 (initial active 4) (2 cores per cpu, 2 threads per core) family 6 model 140 stepping 1 microcode 0xbe, cx8, cmov, fxsr, ht, mmx, 3dnowpref, sse, sse2, sse3, ssse3, sse4.1, sse4.2, popcnt, lzcnt, tsc, tscinvbit, avx, avx2, aes, erms, clmul, bmi1, bmi2, adx, avx512f, avx512dq, avx512cd, avx512bw, avx512vl, sha, fma, vzeroupper, avx512_vpopcntdq, avx512_vpclmulqdq, avx512_vaes, avx512_vnni, clflush, clflushopt, clwb, avx512_vbmi2, avx512_vbmi, hv, rdtscp, rdpid, fsrm, gfni, avx512_bitalg, f16c, cet_ibt, cet_ss, avx512_ifma
Processor Information for the first 4 processors :
  Max Mhz: 2995, Current Mhz: 2995, Mhz Limit: 2995

Memory: 4k page, system-wide physical 7926M (305M free)
TotalPageFile size 32502M (AvailPageFile size 3M)
current process WorkingSet (physical memory assigned to process): 869M, peak: 1420M
current process commit charge ("private bytes"): 3911M, peak: 3912M

vm_info: OpenJDK 64-Bit Server VM (21.0.12.1+1-LTS) for windows-amd64 JRE (21.0.12.1+1-LTS), built on 2026-08-18T00:00:00Z by "admin" with MS VC++ 17.12 (VS2022)

END.
